0.91512656299513762,2.9314459711044088e-80,0.0032034190096254193,7.2733830329467044e-08,2.7651244768534964e-88,2.8865659605730697e-08,6.860712990168953e-16,0.0069757954255828796,0.0014238192501513673,2.7987983042579958e-25,5.1934616667314345e-227,2.8943403573705401e-78,1.5081379319118368e-69,3.0933066959414797e-110,0.0042599730338533839,4.7521597535382153e-128,1.9803668110811583e-58,1.79292861118606e-13,3.5243557467773522e-35,1.0925107288752853e-59,0.038439019773543102,2.9314459711044088e-80,9.7124187049843258e-46,4.0479709713330783e-22,1.2079072033011129e-42,3.8755798042365354e-23,0.023625508208726571,4.0508208478247741e-16,3.6001211678762503e-11,7.6749103818670844e-05,3.2090494346782065e-169,1.4141754365977253e-100,2.7941736574968512e-138,1.370668726463906e-119,5.479964307072991e-53,5.7527928612688582e-117,1.9017327524029757e-44,0.0068690515638895992,2.1954526222545966e-35,1.3872936903885776e-57
1.3691321108140139e-52,8.3629751127477333e-06,2.4487486444591842e-21,1.1532725294737938e-08,0.0038465075412250633,8.0874334260017803e-16,1.2469598165670991e-12,5.8043799911943387e-60,1.5049085280064724e-21,5.6883827348096453e-61,1.272654628236096e-36,2.6806490565119037e-49,1.79135909872273e-53,4.5252248829508e-188,2.256883731030873e-63,1.3690899833788465e-193,7.7501739354343446e-61,2.030630470116106e-22,7.675551764125035e-62,1.0998210249765855e-204,7.0281195403868471e-08,8.3629751127477333e-06,7.0475889679551436e-19,3.3357112340462461e-07,0.99529894772228111,7.9331069417844985e-14,0.00083740339989699141,6.5108139423303831e-37,7.1569718424245532e-69,1.4233042385053544e-34,2.9260042204039194e-74,4.4337051614783598e-92,5.3214889545168548e-76,0.0,4.8579659313946245e-165,1.0355150184343449e-152,1.0433586440370842e-117,6.9472442078514746e-75,4.6503777587782913e-62,0.0
9.2259287252868192e-05,2.393443110575055e-06,0.28919890494843659,2.5238558107018078e-13,0.052447967093465574,0.38159179766712481,1.0172982644174834e-16,6.4254757525037955e-12,5.5816111687683996e-92,9.5722802084716084e-122,1.9433705418323063e-22,7.1140866389053385e-11,2.2943647008310427e-31,4.113781572747926e-103,3.1796407907047943e-27,8.9301914479577551e-174,1.5742987342716989e-17,2.3007744468831313e-97,3.9457527649522999e-127,7.173825264056613e-185,0.00018871323456647106,2.393443110575055e-06,2.0814566340827733e-09,6.8590332715385267e-08,0.27620994145151151,0.00026554187964346451,1.6802169374027682e-08,1.4162054138871538e-44,1.2486224561664547e-90,1.8753736274870147e-72,1.908550802574156e-54,1.0796468665298253e-39,3.4710585665630456e-56,1.0977656711080299e-166,6.7398183635446342e-114,5.4174811332951844e-137,1.4475292433402038e-66,4.5248120137214399e-64,2.569107634001317e-83,1.376348528434953e-292
9.8264086661471988e-25,2.3451185293210831e-06,2.3390764508448418e-25,6.0949299563778458e-06,3.6742338696276046e-07,1.7678880159835736e-22,0.00035672173368404484,3.5275755808162331e-47,0.036224770772369137,1.9696642501635233e-32,6.2303053156553969e-88,4.0089662539426567e-105,2.0190717283620568e-26,1.5623181816520991e-237,1.544556205148955e-45,5.6095697326109946e-118,5.3352159899898506e-60,4.5371008182944795e-08,7.3805120138350439e-47,6.4572398046707325e-122,1.9116731936327699e-15,2.3451185293210831e-06,1.3701986092352414e-19,9.7863721107480225e-08,0.39070995395079861,2.2245764794904008e-14,0.57269725771799018,5.8755568699043764e-50,8.0890289317952511e-31,2.4464867213951473e-15,2.2337731069591404e-128,4.1318142271177249e-146,2.0952811176180655e-97,0.0,4.8556105826086226e-127,7.6034991417642729e-142,2.7934289772962868e-112,6.9437574873092392e-37,4.4716223630923455e-47,1.056844362892828e-149
2.2131353720901449e-55,2.4037485605243764e-06,2.4943940599607098e-20,5.7309622482448261e-14,0.69763895464056414,8.3093879114743648e-15,0.00024643202463467748,2.1581412128333386e-63,3.6191927205713908e-96,2.1057127782911544e-27,0.0076611225861083617,4.8532684274368522e-29,1.7163078502656271e-06,6.104856253069285e-188,3.106766702635396e-42,2.8294074297410711e-80,2.9610433277446229e-122,1.4918534949960494e-101,2.8413185581286507e-28,2.5495482017003333e-85,3.8750890609953845e-15,2.4037485605243764e-06,1.9813211849621671e-19,6.8915108175963035e-08,0.2944468939910333,2.2801926553998947e-14,4.0374874853426837e-09,4.3547969967128871e-84,1.7529825193403163e-167,1.3353051400866419e-76,1.7571959279944393e-16,3.4126102683825611e-56,7.8375238211134799e-18,3.8681023032450686e-314,1.9032102455451246e-98,2.6126057519443547e-48,1.1498826988931095e-180,4.3635024239303214e-134,1.7214664214868597e-28,8.9929883902937346e-155
1.505254217134982e-15,1.8975038935831838e-06,0.045101377512128844,3.9170468995107493e-19,0.48907564778419366,0.22803572906759204,7.3828433096692212e-08,1.0492332511518736e-22,1.8793649679777961e-78,3.0376170413566358e-73,7.4419608829628199e-05,0.00079133968649548422,1.6836992822469423e-08,1.6300892649397416e-96,2.3299620910803555e-17,2.7654004062916969e-115,7.0149211575334776e-35,2.5358988253590923e-79,4.0987725206752131e-74,9.7245397573769286e-124,7.2100782876790739e-16,1.8975038935831838e-06,7.0263640867613198e-15,4.8282430348992635e-08,0.23691755143588428,9.4918803727394922e-10,3.5362525794722167e-14,3.6739178467547902e-91,6.018361773715453e-193,1.2268133363426228e-87,4.2706838507254366e-33,1.8955431904587164e-32,9.8166128868828957e-35,4.9360753203314426e-197,2.3389684553135017e-98,1.543191811197373e-86,3.6278821070088926e-116,6.4287129887693026e-106,9.270829341153013e-42,7.2361159922821397e-121
2.0515415311190915e-29,3.0921705392159807e-07,8.6413837102374349e-30,1.5996995610332301e-06,0.16411381060083735,2.9511862645562723e-20,0.62414819791590515,4.6616752258628983e-47,1.1412925837417633e-06,1.5132097309707727e-07,0.010721094544733634,1.9667230585914493e-33,0.012606011079426573,1.1967303437522602e-233,1.6252742434406418e-30,1.5835337579185655e-21,5.2938458551810355e-104,4.3903465717416148e-21,1.1641302459151025e-21,1.0425306710936956e-06,1.5588423533887135e-36,3.0921705392159807e-07,1.9081255631821913e-20,9.7966086730348543e-09,0.04825629718958839,2.9332288138319979e-15,0.14015002559500048,1.4397775756843349e-85,4.6645609733079903e-92,8.0422900878616951e-20,1.4780536822431123e-19,6.4472915275761664e-55,5.4005628656342364e-21,4.3627869995561227e-313,2.1466084079770717e-97,6.3852136293455032e-56,2.106503702901543e-164,1.4607565214503972e-75,7.0531025915656838e-22,4.3024493225048356e-75
0.17432851081455569,1.3809506099640656e-75,0.0069054927240780606,1.5983660200682027e-08,1.3025995943903747e-83,6.2224642416165036e-08,1.5076795030941578e-16,0.45806455509131044,0.020716109196193756,6.6650170796483105e-20,1.9263053487939089e-24,4.0574626463702987e-37,5.1956423033420236e-36,0.028385247293437811,0.082268368010317075,8.1177101653412582e-58,0.088936631689140247,0.048467242101847136,7.7353287474718744e-20,1.566707858237249e-102,0.034526516896363012,1.3809506099640656e-75,5.518619122407043e-56,1.5421100585780651e-44,7.4315791017233469e-35,1.8257147999246724e-18,0.0020462137132181632,0.016481902279552721,0.010358079005546672,1.7776492695483292e-08,3.8372597193179677e-67,2.6810604193660018e-27,7.9866340355919619e-41,2.3177689371126839e-13,1.1164911250439784e-07,5.9588180640743173e-45,0.0053434624776928412,0.023171461072606585,1.0824169770533897e-19,2.6589205764723795e-138
2.8500636368282492e-39,2.7214686546901356e-67,1.6578129955255716e-107,2.9948549056825703e-07,2.6041015698605301e-89,7.7953800211198266e-118,1.0834458764819117e-07,5.4935122491478778e-28,0.57511499117028086,4.5412130604107967e-15,5.325712683075205e-239,3.4268950465386373e-256,2.8262611431782986e-85,5.4101262602740884e-153,1.0817502124714355e-22,5.9345311765234864e-37,1.0671133022937189e-34,5.7725239526147716e-05,3.2143596064801516e-27,1.1509654363042681e-21,1.2411158958813214e-24,2.7214686546901356e-67,1.8454428403388519e-80,5.7166510463953755e-36,1.4182461077153716e-29,9.6376684919677997e-43,0.029925725481873684,1.2614238418028311e-21,0.39490113523075948,3.5225249968081289e-14,4.8240463138736296e-202,1.0187687512797661e-154,4.5648668432748451e-106,1.2274235346787534e-186,2.0941434238543805e-84,3.7069950660276448e-89,6.105399412545788e-84,1.5047441849132359e-08,1.9474803743173733e-27,2.3054086916404931e-73
7.8929841245648734e-40,1.4020324838600851e-146,7.332349754318016e-191,6.6636055907660108e-13,7.323909779170962e-38,2.1924002846973408e-66,0.034146847682599006,8.5657680319333179e-34,0.37344875506503511,0.4740508924509747,4.1825087433385458e-98,7.6725714468444305e-129,0.000890413121718743,7.3519013180338698e-196,1.5001207441480695e-07,0.00090179583677015777,1.8424271749099693e-133,9.0904428986909867e-13,0.00010011431417188535,0.091290489252067591,1.8779540399329855e-81,1.4020324838600851e-146,3.0088596886196773e-127,8.2746908042724076e-94,8.500626996334611e-65,6.9198870961604588e-57,7.3219834486558247e-08,4.2268294114358788e-40,0.021650759648275415,1.7060549416677986e-09,7.968782105148437e-83,5.6440634035265278e-90,2.5722605241379015e-30,8.9341838027214552e-165,4.5688748923149848e-44,2.5080055669988919e-32,5.6218522474455869e-75,8.3619034170698763e-07,6.0656144895838536e-05,0.0034582153536108244
2.3896821692264137e-65,1.2396168616847787e-09,2.6110601391653482e-22,9.9780955065268404e-38,0.055638517272902421,8.6414323962925434e-17,5.1011543392708274e-08,2.5074416274909631e-47,2.146739966120699e-163,8.3510215161065983e-55,0.73022860825527891,1.3499945289411036e-15,0.0022960766389911111,3.0128328611311318e-90,5.6332057687653398e-51,1.6882198217600547e-24,9.9684312731259551e-85,4.0819742307703666e-91,2.8794157207458256e-54,2.6350386557085905e-46,1.6131877130486296e-38,1.2396168616847787e-09,1.1759189927804349e-22,3.0335625138927184e-11,0.00012395956672487228,1.1758988874208349e-17,6.0300311354641561e-31,8.0494281878896791e-130,2.7991117276661672e-306,3.1284217256139041e-111,0.2037678962045365,4.0918481441596344e-20,0.007944888540451894,3.1025809451005195e-185,3.6965400208870841e-79,1.6943528465495408e-20,4.1081211200401495e-152,1.0842239627600797e-162,1.7445483109916624e-54,6.1709530086708568e-68
3.3863085355979024e-37,3.0177920784885171e-84,0.054754155193699999,1.5579770838479125e-115,0.0050539869173530849,0.059950501731174707,1.4269648713534489e-17,8.8588626328665162e-18,1.73491078461403e-198,2.5454248855279147e-87,0.21224439181121213,0.50156336288678594,1.6270212274189112e-08,7.93807090471924e-07,4.1527440987529026e-22,1.1294523501602221e-47,7.9040331598497223e-11,2.0853204899372834e-43,4.6862385808874552e-55,8.031703613303259e-79,2.4645057035951262e-66,3.0177920784885171e-84,1.4409080001950662e-64,9.9569345939969278e-86,1.495968565021357e-35,3.9897354916518643e-27,3.9918651048637922e-62,7.6745176842469923e-105,8.6204553282977273e-293,2.6796358763631653e-125,0.064097670094744999,0.10068359142243395,0.0016515297862520384,1.0950941315928463e-87,5.0622721203768536e-40,1.8694059053441748e-32,1.7240270548646743e-65,4.4224314638899139e-136,3.6264492377567501e-55,3.8531813939554291e-94
7.6253944886893439e-97,6.6132891871406716e-119,4.255401916052319e-136,1.5066647936011881e-57,0.037530372837227835,1.6171002898447976e-20,0.021497672483475234,3.5695562972716891e-32,8.42204511260186e-53,7.5586883769254086e-05,0.41239204662369799,3.8065737817905087e-20,0.29463952930948883,1.307996164561061e-168,2.5130739611166048e-16,0.00019862780779870477,4.0387371748648647e-172,8.5490204058007532e-69,2.4782341473525609e-20,0.0011567005832103412,1.2068823701051313e-130,6.6132891871406716e-119,3.8092444227079683e-132,3.4563427215115725e-89,1.51692150379591e-48,8.7432380697173743e-62,4.6030618312784137e-20,5.68527220085936e-141,1.2710783206466979e-137,1.5582553291516438e-33,0.2242111566404982,2.2049506767576198e-25,0.008298306830833364,7.3472256554680474e-211,1.0893256304690354e-64,3.8552488031266546e-25,4.2120621031061109e-182,6.4125524296261595e-112,1.5014848852637446e-20,2.4119187643635531e-42
3.0631758933329546e-27,0.0,3.1945562047846957e-72,0.0,0.0,6.5759311839404113e-80,0.0,5.3111592492944417e-11,6.0259560892198237e-118,3.8774752416577513e-135,1.4166358030716482e-117,4.6554055190794884e-12,3.8209585575186249e-129,0.6773840809648598,1.0177389248948403e-05,4.1408173389360207e-24,0.014701802677238664,6.5044181472412983e-06,1.3700545287552037e-18,1.2703051945678965e-152,4.1686587943962437e-111,0.0,9.9316561180181204e-205,6.0766789689875885e-251,8.3672280188210382e-224,2.3716138247479862e-166,1.0381966641621943e-201,4.2073470864295138e-58,1.2814998377806296e-123,2.3525268647182679e-98,3.1193506659042842e-46,0.013583853655015823,3.0560136937251845e-36,0.28048629539401737,0.013821513560980879,7.5757126610128097e-11,5.7718069671594293e-06,4.5827800787055456e-29,8.3007336861637974e-19,1.1362172975422039e-291
0.012924797293072518,3.2894126498182927e-175,2.94633860470684e-171,6.5237747535121851e-50,2.96841497723114e-97,3.1713764397411491e-111,1.2518432010868971e-37,0.016621912110379351,0.022799773292076199,0.014933747978489859,4.3092381769173193e-56,6.7397320688010238e-47,0.016198951229903235,1.0391196623910557e-31,0.64672409914382589,0.031035275628187024,0.00038046633225505592,0.14119616364466006,0.032190321569152483,0.0031998004265239351,1.5094984916560292e-42,3.2894126498182927e-175,1.2823967584090219e-124,2.1050007788774957e-111,7.3167380402701632e-91,6.2366927972721883e-84,2.2013552062079831e-12,6.2325397053532006e-24,6.1281761669224345e-27,1.791480754225344e-15,3.3161218614675129e-38,2.7016637363881436e-08,2.4900693305821829e-07,1.6919729697505722e-27,0.0090492549930459593,0.014399416315365753,0.002906473251567448,0.015936157494727706,0.019503113270993848,6.9281623554659972e-81
5.0817251345232181e-39,0.0,0.0,2.877452835100925e-196,9.6940708137683088e-57,2.9020809662386599e-85,1.5743938718058466e-09,1.0348817490184179e-25,0.00048105439551236078,0.0039720455294363155,1.3285326081892032e-10,6.9479600903681595e-55,0.15480103022897876,8.6655199141942114e-121,0.006816983604802828,0.43855443129433014,8.7596984232830085e-120,0.00072157941246129371,7.7222830444058606e-06,0.12309308812336842,3.1979829954183239e-95,0.0,1.0957871585928436e-246,5.8785404475155471e-170,2.1080949799114121e-170,3.162977812165606e-156,6.8360988087673735e-93,5.0010565223405478e-64,1.4054461972506002e-75,3.9662728546479811e-17,0.05751957430265689,3.4473623494124565e-24,0.010778201567528119,5.1973794256421505e-91,0.0019238028263446911,0.20132580603350256,4.1602346514315047e-95,2.5017350811435722e-34,4.6786907860544312e-06,2.8034967334399022e-40
1.837169534701141e-07,1.1729792736881923e-166,2.4452399915363315e-116,1.0841162021190318e-176,3.6217310089671328e-170,2.079958268910637e-121,3.3473543496808319e-180,0.00093827355870247176,1.8537713886046359e-63,1.952337551394036e-76,8.7627745558334756e-61,6.9226546647493668e-30,5.3992662211045155e-75,0.083980254090469136,4.4078134073633903e-05,3.3899233623480389e-22,0.61356881861995893,0.032294737140040386,1.1217570776996414e-16,4.4636137701790512e-101,6.8501657437749112e-53,1.1729792736881923e-166,1.1537602126685111e-95,1.0730516386337011e-135,1.3885130455437835e-72,5.7893695285229045e-77,4.1774014444099148e-74,4.5112612624531556e-27,1.3730160148804467e-69,7.0776590290131524e-44,6.1080870221151725e-06,9.1113583183566797e-08,1.6575204949225029e-07,0.0042628580961522325,0.14809311474669068,6.3957003131003475e-18,0.11679898917307181,1.2327771232211155e-05,6.7963767624739862e-17,4.593262317086266e-287
5.7743369956824081e-40,4.2552600169351243e-08,2.3846456716421103e-43,2.7934240181619511e-07,3.7458142467484116e-25,4.908746272960501e-51,8.1777108281059809e-25,1.5505251198436019e-24,0.20262664089343371,8.7011697608176307e-25,7.6560407172127935e-177,4.9263731604528955e-194,5.9880628411842701e-77,8.9301595496321089e-73,5.016716387943257e-09,1.0566929697894539e-21,1.2580663736297899e-06,0.5466583832603169,3.4966976286754244e-16,2.8766410417974078e-51,4.4614003327341821e-12,4.2552600169351243e-08,2.0052190512634838e-21,1.5548013923423696e-09,0.0085381545743329311,4.0368467716833722e-16,0.026858752574729083,3.9080370592314207e-15,0.032043091722597936,2.9565235657856292e-13,6.3386485441587949e-111,1.9144180160630638e-83,3.0903013135157334e-63,9.5899553112386009e-101,6.8396469249155046e-28,1.4832495320636005e-41,1.1840460482829821e-23,0.18327334788433397,2.1185401885461175e-16,2.1535528480776261e-70
2.5594845597290708e-43,7.1629624932552196e-110,1.3140042226594078e-140,4.0754688819911289e-51,1.622994191161237e-36,4.8587024388096345e-65,0.010596035981574634,6.2320111894515718e-26,0.0099999999999993462,0.078513123444111307,3.0385234662946351e-59,1.7027870925032891e-94,0.0099999999999945514,8.5820233465746862e-67,0.14271524280960166,0.084192554752006418,0.01486772829498304,0.11013254917859512,0.29518999066061413,0.005000231888838684,1.0020373787381155e-80,7.1629624932552196e-110,1.3927187030768363e-90,8.8405395094905802e-79,1.2222276964129319e-41,9.5713894595939899e-53,1.7626487773502949e-13,3.5421732985724821e-24,1.1408461040403538e-16,6.5668866083373839e-16,3.0670890839239463e-46,4.665372640594689e-39,5.6114359929917158e-15,7.554657540837548e-56,0.0050000000197791645,0.010009056209424733,1.0003106686771615e-22,0.044937065113033164,0.17884642164726136,5.0077273675283283e-78
2.8408329030192065e-06,5.0840204413664631e-312,0.0,2.9053530238782238e-70,2.2136282039321167e-102,1.2698430238873508e-125,0.0025484483505772201,1.6952558425624392e-58,0.0068991734782242256,0.010644034259129381,3.1665961723198536e-95,5.8089383349462447e-126,0.015755348687054797,1.0502705177102946e-251,1.3458332803882315e-14,0.00055125475752283498,1.367963095408098e-246,7.5674727780994585e-32,2.2149042413979364e-14,0.78043040081803772,2.2538084720118432e-34,5.0840204413664631e-312,2.1970984831212705e-211,3.4894385524721045e-167,5.4973582894178201e-144,1.1931072411382512e-149,1.3484277913208584e-32,1.3347218064432821e-92,2.959249111958619e-27,2.7591974750271156e-16,4.2238712616220025e-91,1.9392887727062996e-89,1.9474700065881579e-27,3.8157699501860675e-273,1.0439752086270262e-94,1.3092071003261607e-32,2.6276256803743679e-216,1.4889849046215142e-33,1.3419414966573187e-14,0.18316849881650163
3.3882856157100258e-05,6.1400329055872902e-06,3.2139991155155223e-22,1.3055365631735877e-13,0.00050485670970331373,1.0573528917578451e-16,4.0405931415758221e-32,1.4779502243252807e-06,0.0001932945400222187,1.0832216747780102e-39,1.6638566637234988e-37,3.5046553061794279e-50,2.342005998644431e-54,2.6277289191246164e-248,1.3048239069525424e-46,1.6438668954389689e-277,1.47584239344313e-39,2.6081969460040647e-05,1.4616323170207769e-40,4.8561011439135652e-145,0.53435977114396693,6.1400329055872902e-06,4.3314411630490186e-17,2.7331861150606658e-05,0.45909391407190903,7.8011571681295475e-12,0.00020509192556501601,0.0055420168980983972,8.2050229820317607e-17,1.9217370247676446e-17,1.657277955210738e-200,2.5584077437977411e-169,5.5602095148412378e-153,2.7112440382672649e-226,2.1338649099932424e-89,1.1569836995154664e-184,4.1167318355648285e-61,9.7223874903075236e-23,8.8555749833573629e-41,1.6623985200039276e-134
5.0276067237175543e-53,8.5355291152447321e-06,1.1702844767764991e-20,8.4954461830221188e-09,0.018382891504544731,3.8711404001790035e-15,1.3271698729325131e-16,4.3016255140853232e-60,2.0960570979225473e-26,4.1899338299422494e-61,3.7510672428752041e-23,7.9010397969972793e-36,4.4288398149750304e-32,3.7031426463578561e-248,4.4968617216306959e-63,1.0282061949959605e-249,5.7086025103934333e-61,2.8282897803648836e-27,5.6536375098636173e-62,3.939792083547321e-262,2.4837605708385651e-08,8.5355291152447321e-06,7.507236544240897e-19,3.4729719270599473e-07,0.9810385982394072,8.096791436427445e-14,0.00056105856748813636,4.7251737841974001e-51,7.1569718424245563e-69,2.0839058716115912e-39,2.252429276309712e-106,9.7693287483323403e-121,4.9664178231317727e-108,0.0,4.8579659313946264e-165,2.070863925779181e-152,1.0433586440370847e-117,6.9472442078514776e-75,3.4253628846526952e-62,0.0
1.0685717809457687e-17,8.4017701523837185e-06,0.00010891655437144222,7.4514546132815405e-09,8.6935213333290368e-06,2.242025881202842e-12,6.7681619603179473e-17,7.1410439845766578e-25,7.8775588468339448e-22,3.6751102489748572e-61,2.338605585510599e-83,1.5048044034110893e-100,1.2086849454551959e-89,1.8883798524824008e-248,5.8413804699743798e-66,3.6720082569817125e-254,5.0071777848481405e-61,1.0629490581533144e-22,4.9589664180388356e-62,2.0090568211996086e-262,0.00036370398394057696,8.4017701523837185e-06,4.3862963551659047e-15,3.538667370909493e-05,0.99890943289137413,5.0504520560569005e-10,0.00055705487622024921,1.959860754972195e-19,1.8352646986107165e-58,7.4504055049896078e-35,1.1833468935863544e-106,8.3272711153355712e-125,2.5325741543970863e-108,8.4671633859609793e-310,1.0445104337740574e-164,8.8824806720483564e-181,9.2081309546800702e-103,7.7131908528413748e-69,3.0044833056513257e-62,5.0100210950223523e-279
1.05116289132412e-25,8.130757219520783e-06,1.9576071234278489e-21,4.3683517045486011e-09,0.0030750197984016196,6.4589554017716398e-16,5.403038672494934e-13,3.1741253041378345e-31,6.2189268683690869e-31,1.1408263233461946e-61,1.1670419254664e-18,2.458192322568584e-31,6.0317397207423434e-25,1.0285687203724385e-188,6.0155467703984711e-66,9.5064596778716085e-199,1.5543262203419478e-61,8.3914351971030519e-32,1.5393604662245335e-62,2.4998569873531093e-205,0.00021971221491395634,8.130757219520783e-06,6.5980851670096685e-19,3.1408728989497876e-07,0.99625342635133973,7.7248593395774791e-14,0.00043526166464575325,6.2384493226143511e-44,2.2119472681983309e-101,1.8437517611855462e-35,7.3456307506437857e-75,3.1381923071622853e-88,1.2095569228051951e-76,3.7641866014368204e-316,5.2099599570788338e-177,9.1697395732024487e-181,1.5503755900385056e-137,4.6069911303127691e-108,1.4323855460955753e-62,1.7441373591091357e-279
1.481134789831086e-34,8.1170465354585145e-06,1.2057522145301193e-20,1.1960969985889216e-08,0.019080880372686723,3.9885831073693674e-15,1.0987433446964364e-10,9.7203364005050681e-22,1.0168690582524156e-12,5.4216813103143184e-61,1.232877993700723e-18,2.5968657617571856e-31,6.3720068689574954e-25,3.5525332813629164e-188,6.1208652729728752e-66,7.4607107753331495e-194,7.3868048505768636e-61,1.372100201027466e-13,7.315681360758392e-62,8.6341582923150297e-205,2.198508836853794e-14,8.1170465354585145e-06,6.7386634349145637e-19,3.2046285694153428e-07,0.97989412694465405,7.699829817897279e-14,0.0010084260546298399,2.2616975622925452e-55,1.3844736648098075e-68,8.70320491965532e-26,2.3704753415714917e-74,3.3154680361921359e-88,4.1776413562454589e-76,0.0,1.4684459564013352e-132,4.5259629693319701e-157,2.0183152839283291e-117,1.7517310936127106e-70,4.4323434895442806e-62,2.8503266214196023e-259
2.2892338765265247e-13,8.4816433756822543e-06,0.00026379453675388556,8.3890334007925025e-09,0.0092297867597963962,2.4662634548164151e-05,4.3025446521877068e-09,5.0452759093369656e-23,2.3932816626384624e-26,3.5718591886834138e-61,4.5249428345990343e-32,9.5310883811031714e-45,2.788086221277404e-46,4.8765444959918528e-188,1.0199583321860744e-60,2.2710889063813173e-189,4.8665027083664095e-61,3.2293462209039313e-27,4.8196458246620794e-62,1.1852065487689927e-204,0.00016522810124643491,8.4816433756822543e-06,7.6435030887158131e-11,4.2239968523541559e-05,0.98961889865628005,8.5574434797883398e-06,0.00062985584437841302,6.3329690444748424e-44,8.1718429874593727e-69,2.3794073707849027e-39,3.0128981626340708e-74,2.5312783088592975e-92,5.7346271937559202e-76,0.0,5.5468340107839659e-165,1.422573262816475e-124,1.1913087275458029e-117,7.9323756068972239e-75,2.9200732972650516e-62,8.0390237176164528e-255
9.3179219933886888e-06,1.7727209600316598e-06,4.6897275633927321e-25,7.1803502978334011e-06,7.3666492801122659e-07,3.5444227082793198e-22,0.0050588064374308996,1.136279880344529e-18,0.043872688699582288,2.8855871204783858e-26,8.0176715398488875e-67,5.1590689396365935e-84,2.3990600727951115e-20,2.1443168495269117e-155,9.538530838449645e-28,8.0104158128084863e-118,1.2860938176891802e-28,7.2573141172490837e-05,1.3290670332254556e-29,9.2208811555953577e-122,3.6850475774320516e-05,1.7727209600316598e-06,9.3911401459366939e-17,3.6176447944016637e-05,0.26953899433511908,1.5464279064567604e-11,0.68136313006837002,3.959666548880839e-25,1.3009652497467892e-30,3.0454603928639271e-15,1.8223024526833374e-106,1.8072151587009958e-96,6.7545405610053669e-76,1.1751632260270723e-282,7.1908556511331851e-127,1.3302784832921653e-91,4.1369321899059084e-112,1.0283445993381878e-36,8.0524032163069509e-30,1.5968567886125114e-149
6.7610592597066243e-08,5.9691810834440863e-60,1.2182738077188196e-96,7.7942740579096514e-50,1.913671049605653e-78,2.5077927023693037e-104,2.2458334909772911e-62,2.9794971392837526e-05,0.00015357509966611827,2.8102040754164228e-35,6.9301197663859171e-241,1.4597219544964111e-253,1.2421144364741015e-194,3.6884818467841109e-134,1.2986966876257762e-30,2.5643218977521603e-79,9.3252268246168696e-30,0.00015385742181357363,1.1128845104643929e-34,2.8450585188541568e-150,0.037031918226220525,5.9691810834440863e-60,1.7491657862356201e-40,1.6203911064725386e-28,9.2495644367056171e-06,8.7917396994110838e-19,4.1142931592655005e-12,0.36891879767943131,0.21078592895106782,1.4587544759644699e-17,3.8607936280498022e-175,1.5324001067231035e-188,2.7699397959403656e-159,2.571054708865648e-79,1.7601547045970529e-23,5.8279632925662452e-103,1.8938770473370852e-13,0.3829168104710749,1.4054062174992699e-32,8.39932529202752e-160
1.5125791805312181e-26,9.4107915403162514e-203,4.9216559411373892e-247,9.8947296400025197e-27,7.7309636232921958e-229,5.287080905773864e-260,8.5189274497547399e-48,6.4033138419137498e-37,0.012331662275352579,2.3015274622296452e-22,0.0,0.0,1.2372403378206396e-253,5.8502605710798719e-247,2.902041935194539e-32,4.4057716543168822e-66,2.2964143195424478e-52,3.0393938911398928e-10,1.7945615139351944e-36,2.7047627205428772e-37,1.6127796402665029e-54,9.4107915403162514e-203,9.203775643857139e-151,2.9445174582635356e-106,4.8284264374712119e-133,4.6448007228190039e-113,1.4699885475512481e-21,9.6650736868940361e-06,0.98644841283723128,5.5364412886161357e-16,0.0,0.0,3.5153332425302703e-278,1.4045364396819037e-118,2.1244438097536755e-30,1.267243583250293e-150,1.1139554477832452e-28,0.0012102595097894108,1.0872689296643722e-36,7.5750652812584951e-114
3.9350076389450227e-05,3.9498485611317416e-67,3.6521560848854735e-103,2.7211432012652017e-07,5.7368264211313305e-85,7.5174780462328041e-111,1.2985368852673554e-07,4.0812256435760416e-06,0.60847767100637862,8.9997565857674938e-05,3.699514192570646e-284,7.2721267447706581e-306,3.3874532258510033e-85,1.336189214586097e-152,3.7687871512665335e-14,5.8360350358120451e-58,2.1642382468205761e-30,0.00011492331665426788,1.499950401457057e-15,1.3285511540623141e-21,8.2606417282845756e-21,3.9498485611317416e-67,2.611209498090664e-80,7.9088534792646593e-36,2.1187847268527441e-29,1.398778962974118e-42,0.026884809792647544,4.3108351742504279e-16,0.36435725310044381,4.9167781247637906e-09,4.0478043017563478e-232,9.0750977015152967e-200,1.9063577003005273e-127,8.6816373256467541e-150,1.1097403565000634e-69,9.1555105878431248e-89,8.0089717600360714e-63,3.1507031157694312e-05,9.0877323227870596e-16,2.6641704053820296e-73
4.0031949440380747e-136,3.3377908810619533e-67,7.0305374118302436e-80,1.0098362357840074e-72,8.5187086878149736e-08,2.1391443761333132e-28,2.5847493953892668e-13,5.2424103333000575e-57,2.5342654201860208e-103,1.2747095092886614e-55,0.0037454403756272893,2.5076909950253637e-16,0.0003486795438350116,8.3745031852861157e-20,6.273677271196607e-26,2.6304880316242158e-29,2.770836063496646e-14,6.2238770542167876e-43,1.2655671357945148e-24,2.806928009115522e-54,1.1856710060273862e-131,3.3377908810619533e-67,1.1681529668015985e-80,4.9695790528202392e-69,3.3774363912136887e-29,1.182028018281568e-42,1.9712328503786559e-35,6.3961007867110039e-106,0.0,1.0399166648542372e-83,0.95979565377526022,0.00010811362836602429,0.036002027489538034,6.644011412241817e-48,2.6311108512023356e-32,2.0668234268531276e-16,3.6525262169484478e-43,1.5255790249615568e-71,7.6676771148196964e-25,7.9847111081360712e-109
4.5082761375313204e-98,5.2298201023089002e-175,8.2206081244342199e-68,1.5821613670591361e-180,8.3169701898936289e-57,1.0323917128313769e-07,8.2368906485239579e-58,2.3585752458738694e-25,3.1631429632547697e-192,1.2077736963519566e-83,0.00010389552178752648,0.0019836239149945032,7.1505593947368446e-11,0.020871071758015135,7.9093519289658132e-05,2.247127756060332e-20,0.00014307041694784116,6.0107475407285084e-42,6.9385206554616672e-24,6.831909608390419e-73,6.667790142262615e-178,5.2298201023089002e-175,3.6746515588807893e-148,1.1602840386258394e-176,1.6173378284656498e-104,2.581235817130983e-85,1.0456832074448706e-100,1.3661542758838895e-138,7.5375780422546053e-287,1.6370580653676494e-107,0.28700070835891911,0.67893422807653581,0.007542720320044531,0.0014188309942636465,0.0019226538033389889,3.1450732110885621e-16,5.1860604881839318e-12,1.7019248095532343e-109,4.2038335770466951e-24,4.0037180514392658e-110
1.4041686948600748e-228,1.182057893015426e-190,4.928266751293577e-199,2.1822076242677403e-200,9.1976803310740261e-08,2.3096418557195952e-28,2.7908171566044112e-13,5.4835974359215943e-52,1.9469539194801723e-224,5.8391887222666432e-55,0.016415883249154484,1.6801463055131443e-13,0.0017180799861923064,4.4225994441604093e-18,1.7952968740437562e-19,1.9185319498872591e-11,4.4701598902996848e-17,4.266598646080168e-43,1.6610109530556306e-23,6.2090515320129745e-29,3.6483094456354916e-215,1.182057893015426e-190,6.160415199554712e-204,2.8965524339568353e-192,1.1179770149384056e-87,5.8341788706512437e-101,2.6407455024073583e-96,6.1532916251410295e-183,1.1537167749183929e-291,1.6377201968550544e-139,0.94433623626062779,0.00024006467464640508,0.037128919349834456,1.9260646006912511e-80,4.1142056647860539e-18,0.00016072448310890108,1.6260222779004268e-84,7.4622456111698815e-96,1.0085804680954956e-23,2.4567072878539378e-108
1.7516012704394985e-44,0.0,8.5159680193732298e-218,0.0,0.0,4.0046054898098709e-228,0.0,5.3613384216152696e-24,1.7103951207461253e-211,3.3621198498661069e-233,7.9273520509055891e-161,1.1086601634548752e-47,5.8231532166892287e-183,0.015820709119430634,9.6266551058368168e-20,4.5790798261861144e-60,3.4068111255248781e-05,1.0112344561630381e-32,6.5070634490574283e-50,1.5783363939330676e-243,3.0082189720297146e-162,0.0,4.7093377575970802e-308,0.0,0.0,6.2921921941315968e-245,5.4631197654424102e-303,8.9520336218653557e-32,4.5474105968848386e-122,2.9596624592410785e-157,8.9852665436245714e-89,4.3932741287923618e-17,1.9635887887437431e-61,0.89922242021088172,0.084642308298214092,3.9782054627718728e-29,0.00028049410569762974,1.5452055982314562e-10,3.9424275578718701e-50,2.4124742276737595e-270
6.0094528786900569e-67,0.0,5.5686826882046243e-258,0.0,1.1627499844948488e-237,3.5283174164610235e-141,1.0746618698499502e-247,3.8043322182138826e-20,1.1896564579964254e-26,6.6668290821522037e-62,9.0856224331154812e-127,4.3629900860483794e-79,2.4850746858613007e-140,1.0564467326954725e-07,5.5807614454719388e-05,2.7054502557534662e-21,0.00052367156164014094,0.00015094477405007948,4.4702601601797568e-09,6.0383742621691426e-104,1.3696898459401224e-44,0.0,8.8676446660178009e-185,6.8757706370455473e-173,1.8399890583970944e-207,6.470814071339818e-163,1.3795225927757754e-167,3.5279093337255386e-16,0.00027114953783113601,1.1827581171319534e-39,3.4542663888403266e-72,2.5667443958112541e-33,6.3653911230930059e-41,0.03265754101503051,0.88840331279717299,0.000848218659469,0.036881834331603108,0.040207406885423021,2.7083914047737946e-09,3.2934561186383246e-147
2.0926810750803905e-186,0.0,0.0,0.0,1.6390871806026738e-92,1.1209451962117727e-123,4.9589973954719529e-98,7.3753884008110815e-25,2.6824862359780274e-180,9.2253694131610926e-16,1.1463862230777526e-06,5.6488311444787543e-29,2.5933347980481274e-10,1.4264469949089267e-06,5.887179027512744e-07,0.010589502397641042,0.0034656758194691628,3.9253106861221154e-06,4.7436764395515964e-05,2.9002125976955394e-05,5.43720150024466e-173,0.0,3.0101078754696683e-264,1.2824519720066314e-252,4.1907635397339344e-160,5.102312600973597e-155,4.4916722560416814e-152,4.7909448111432956e-32,3.1741720416687851e-128,1.2672310596608583e-95,0.26312524447256941,1.0021557181769479e-06,0.016422702030914747,1.1874484449132873e-15,0.034068885318928481,0.67219888815373874,1.769404276479321e-10,1.5833004409398745e-05,2.8740458155308531e-05,2.2318698582863226e-82
7.0220650526836463e-12,1.0922365724105345e-289,3.8606780397228657e-139,1.5139265226847638e-284,3.0536927474891685e-315,9.4743032402166461e-155,1.2436903766353863e-310,1.889321149381432e-05,2.6315584310241573e-73,1.5802413301215092e-99,7.1833360045559541e-191,6.691385248616286e-152,1.7359168868531706e-209,4.222716575996277e-11,1.1987335296670347e-05,1.6459291307463083e-59,0.0069412321923850483,0.00013806643250802465,8.8682205561984951e-22,1.250203855821622e-235,3.3152109854970608e-51,1.0922365724105345e-289,2.1708737158577958e-140,1.4752816112088826e-193,5.5422056553166591e-207,7.513286199452286e-135,4.9058582388174015e-165,8.6058798164343988e-17,1.9967171125646997e-30,2.7122093345606583e-61,1.0861635331729432e-80,1.0571138099384789e-64,6.4968302795704277e-77,0.14418034933929635,0.37527798070924623,1.3876026567336172e-39,0.35385379941186645,0.11957769131865814,5.3729786342190134e-22,7.8475401721659315e-252
4.5457936918283311e-18,1.6509814897119631e-113,8.634303313104399e-158,2.1266694242152402e-58,1.3562810083521477e-139,9.2753863186186988e-171,1.7470585643025842e-84,2.7958948506651705e-22,5.9213341293918165e-07,2.2343447311315276e-19,0.0,0.0,1.3714531868345513e-223,2.1755159746646757e-85,1.8279526506254731e-06,3.4443047427588257e-44,1.2009393083175837e-09,0.0026583756540600259,2.4413562259877572e-08,2.9583020592629766e-124,2.4363152040527511e-23,1.6509814897119631e-113,5.2796580946675806e-94,1.5282874277742595e-49,6.7938868745267557e-76,2.1827148041502246e-56,9.6641060528967341e-21,8.6218014695052555e-05,0.38358420344973787,5.2518102718435511e-20,3.4095838902412081e-181,7.0021072355556891e-174,1.5587735720811406e-145,6.004157278148091e-50,2.3665374990750557e-11,3.9082757498022496e-54,1.2468897396796997e-05,0.61365627346846263,1.4791417012718893e-08,2.2491952323548723e-116
2.2928471941761394e-07,1.0082218121421726e-44,1.8495248575985202e-75,8.7032039444923947e-22,5.3671986167629517e-32,7.0323049645393539e-58,0.0050503320295228653,4.5978118414534225e-24,0.030301971358559734,0.13818021641344289,3.0508137207889197e-38,5.5965420947529126e-69,0.020226379440888165,8.5619717029531775e-67,0.11006813595945336,0.064605729338388637,2.296704913079384e-05,0.14470420765925754,0.24236744264232563,0.010100574557873368,1.1105742391558366e-45,1.0082218121421726e-44,5.250983780857274e-58,3.3331590561544978e-46,6.8373634982714678e-07,3.570464636824416e-20,8.8620363157008757e-13,1.486061411831621e-21,0.0050503320297760829,6.4371397725002439e-09,4.0694309278983207e-34,1.868381640076752e-32,0.005025828253277298,5.4896531001293666e-77,0.035312048021417131,0.0050748907219570266,1.7403929322328028e-31,0.037031111234540781,0.14687691383109347,1.0359997124320638e-54
1.6267301889385097e-43,0.0,0.0,1.7030269612759042e-160,4.0089475230825962e-214,2.7416543311211796e-245,3.6711832278689592e-34,8.2951416276603146e-197,6.93284158902759e-128,6.3429137925789286e-20,2.1950063311160782e-189,1.1479444533534492e-233,1.1670258477274118e-31,0.0,2.7214198702472932e-51,3.9513126977857686e-31,0.0,7.0954744450175686e-165,1.0434130296826422e-47,0.014891585914392332,3.0665534989770663e-161,0.0,0.0,1.7146983758806051e-289,1.9123793189337114e-285,7.0055042346448155e-201,3.5296265357467824e-90,7.2767713067402448e-188,1.2335230178858485e-119,3.7343046721036891e-76,1.480040137177083e-189,2.3120726264664822e-136,4.618506927319962e-93,0.0,1.8090673937881624e-175,1.4030945629284215e-110,1.3287992649825191e-310,6.7110011613615831e-148,6.4402263853551518e-48,0.98510841408560779
