kind,lam,alpha,k,samples,l,gens,runs,m_excl,t_mean0,t_mean1,t_mean2,t_mean3,t_mean4,t_mean5,t_mean6,t_mean7,t_mean8,t_mean9,t_mean10,t_mean11,t_mean12,t_mean13,t_mean14,t_mean15,t_mean16,t_mean17,t_mean18,t_mean19,t_mean20,t_mean21,t_mean22,t_mean23,t_mean24,t_mean25,t_mean26,t_mean27,t_mean28,t_mean29,t_mean30,t_mean31,t_mean32,t_mean33,t_mean34,t_mean35,t_mean36,t_mean37,t_mean38,t_mean39,t_mean40,t_mean41,t_mean42,t_mean43,t_mean44,t_mean45,t_mean46,t_mean47,t_mean48,t_mean49,t_mean50,t_mean51,t_mean52,t_mean53,t_mean54,t_mean55,t_mean56,t_mean57,t_mean58,t_mean59,t_mean60,t_mean61,t_mean62,t_mean63,t_mean64,t_mean65,t_mean66,t_mean67,t_mean68,t_mean69,t_mean70,t_mean71,t_mean72,t_mean73,t_mean74,t_mean75,t_mean76,t_mean77,t_mean78,t_mean79,t_mean80,t_mean81,t_mean82,t_mean83,t_mean84,t_mean85,t_mean86,t_mean87,t_mean88,t_mean89,t_mean90,t_mean91,t_mean92,t_mean93,t_mean94,t_mean95,t_mean96,t_mean97,t_mean98,t_mean99,t_mean100,t_mean101,t_mean102,t_mean103,t_mean104,t_mean105,t_mean106,t_mean107,t_mean108,t_mean109,t_mean110,t_mean111
rmd,10,1,5,200,1,50,1000,False,0.00665067669158,0.00563549872279,0.00992793761037,0.0289232684993,0.00294094074378,0.0322464903414,0.00366267698934,0.00323689095348,0.0312503183169,0.00231815628341,0.0168133601646,0.0063578577383,0.0487634375115,0.0052534919334,0.0261208335905,0.0227098757604,0.00118366183446,0.0235794697128,0.000145566245704,0.00192786940785,0.0195346239869,0.000350719278658,0.000606041303553,0.00331572809719,0.000297976930327,0.00248141875256,0.00149673738285,0.00968818854276,0.000885131590795,0.00746981192679,0.00334973799585,0.000332143819116,0.00224894199112,5.19906816306e-05,0.000385390995153,0.001965144317,0.00445543379924,0.0249737460521,0.00257889963115,0.0189808949527,0.023865059894,0.00130529930057,0.0162107180669,0.000159511333136,0.0010806306835,0.014599205846,0.00445543379924,0.000471365458319,0.0065152090568,7.1273208707e-05,0.00106294319523,0.00408719426033,1.29896029133e-05,0.000176109335087,0.00183133849467,0.00280575422926,0.00665067669158,0.00563549872279,0.0128793021187,0.0289232684993,0.00400608812491,0.0311053384615,0.00366267698934,0.012580638193,0.0312503183169,0.00434032081982,0.0260821600045,0.0193691168918,0.0712625388166,0.00989701039456,0.0380913311047,0.0227098757604,0.00277046734162,0.0225113200308,0.000449877500402,0.00329460979179,0.0194320857067,0.000350719278658,0.000651198315155,0.00331572809719,0.000291280036954,0.00275711144886,0.00183275420869,0.0089381562837,0.000787631353854,0.00744321600778,0.00334973799585,0.00030724852982,0.00239434065712,5.18975547885e-05,0.000474238899743,0.00242310115779,0.00445543379924,0.0248431214758,0.00250182335174,0.0184029673238,0.0230256489202,0.00124066618809,0.0152348255506,0.00015705285282,0.00107165067743,0.0141711412627,0.00445543379924,0.000416514080796,0.00520498297815,6.73407535458e-05,0.00069809124223,0.00320337785737,1.29896029133e-05,0.000172490653375,0.00177879644925,0.00280575422926
rmd,10,1,5,200,5,50,1000,False,1.81439354911e-06,6.68110064237e-06,7.35154156959e-05,0.0050297432826,1.63178017499e-07,0.0102256345749,3.380580047e-07,6.24967884381e-07,0.0120337076857,3.02332937832e-07,0.00068835163092,8.75156556898e-06,0.166707083635,7.14311599295e-06,0.00272566608903,0.000653410225746,7.34591608284e-09,0.0038901936793,3.16056468103e-14,1.74919920546e-08,0.000530145651061,7.39946821612e-13,4.40119769977e-08,3.17957561269e-07,1.31537894139e-08,6.97799383859e-08,6.62742097158e-08,0.00278865347812,9.13033601225e-09,0.000634058114973,3.6006850873e-06,4.14378618466e-08,5.0718798383e-07,3.47859458509e-14,3.75936187629e-08,1.41720777111e-08,2.44823041204e-07,0.0029705533279,9.04996313612e-08,0.000612198697633,0.0012403277828,4.03719081249e-08,0.000212387056575,8.81634682223e-13,2.10236368996e-08,7.1739491767e-05,2.44823041204e-07,1.25270419042e-08,8.94797989008e-06,1.62273679607e-14,5.39036330427e-06,9.60855587111e-07,5.15681662451e-20,1.99112315249e-13,1.05643126469e-08,2.42465774506e-08,1.81439354911e-06,6.68110064237e-06,0.000370249062889,0.0050297432826,2.32403074062e-07,0.00782972448406,3.380580047e-07,0.00124424697279,0.0120337076857,6.08738422189e-07,0.00469654850461,0.00129049310694,0.70412808851,3.55175901135e-05,0.0376499289609,0.000653410225746,1.52596188372e-06,0.00374734157964,1.80350416063e-12,1.88386885148e-07,0.000511027056541,7.39946821612e-13,1.45651411086e-07,3.17957561269e-07,9.80182991551e-09,1.15068512004e-07,2.78232852391e-06,0.00350968544564,1.08254472394e-07,0.00135926456352,3.6006850873e-06,8.98867199274e-08,1.02410119002e-05,3.33234467685e-14,2.21414500645e-08,6.20261056769e-07,2.44823041204e-07,0.00287145180526,7.07893782874e-08,0.000475421316624,0.000960433794622,2.16504107361e-07,0.000318573993927,7.09489442536e-13,1.93391605376e-08,5.5933232327e-05,2.44823041204e-07,6.41390974885e-08,2.17148011012e-05,1.36558473854e-11,8.7043759728e-06,3.45316118075e-05,5.15681662451e-20,1.59536533018e-13,8.43019960836e-09,2.42465774506e-08
rmd,10,1,5,200,10,50,1000,False,1.55955951707e-06,9.93341440991e-08,7.72146480283e-05,0.00697434828582,5.34863934479e-09,0.0079350681063,4.18849546237e-11,1.3767039282e-07,0.000233162391002,1.41562066267e-08,7.46485274011e-06,5.77293825515e-06,0.125654169247,1.25551720582e-07,0.00129260282277,9.89141501335e-05,2.24038620266e-09,0.00385664047036,5.1364278824e-21,3.54432193314e-11,7.12449309525e-05,2.59382089881e-19,2.69996470796e-08,4.72880859079e-09,3.60510914788e-10,9.78095302409e-10,1.01114383564e-08,0.00289184076101,2.2176794934e-09,0.000414616318168,8.15745272293e-08,2.43870560729e-09,3.79768271041e-08,2.2523575568e-22,6.83575976913e-09,1.03275874183e-09,2.83951092486e-08,0.00145150504708,3.83095491586e-10,0.000103322949581,0.000547899894564,1.09677788224e-08,8.98324695508e-05,4.89059408373e-21,5.9154177611e-11,1.19234836775e-06,2.83951092486e-08,2.18732538483e-09,1.14391264362e-06,6.0620566595e-22,5.87327652465e-07,6.95891689545e-08,1.25980214516e-33,8.82264431282e-23,4.09032759997e-14,2.78509398302e-10,1.55955951707e-06,9.93341440991e-08,0.000306494278593,0.00697434828582,1.40982564175e-11,0.00462346017291,4.18849546237e-11,4.76676041494e-05,0.000233162391002,5.97551757633e-13,3.5855183262e-05,0.000635204442094,0.80373857718,2.03117056984e-09,0.0223584333381,9.89141501335e-05,2.77796152352e-07,0.00297734335261,8.34564097469e-22,8.94531586068e-12,6.49320483531e-05,2.59382089881e-19,2.31529941888e-08,4.72880859079e-09,1.90269767833e-10,7.43385443678e-10,1.95921639084e-07,0.00374691246203,9.46635474833e-09,0.00057048512231,8.15745272293e-08,1.21746927999e-08,3.14214571696e-06,1.95156812424e-22,8.67416615783e-09,2.83314359985e-09,2.83951092486e-08,0.00135350288911,2.81343739052e-10,5.89982282168e-05,0.000337299031291,1.55240292416e-08,9.27168800934e-05,3.70690480138e-21,5.00547116199e-11,8.02722129018e-07,2.83951092486e-08,2.34422085259e-08,1.88522190252e-05,8.38063652132e-13,2.11454294611e-06,7.60339654245e-06,1.25980214516e-33,5.69055644768e-23,2.71067758157e-14,2.78509398302e-10
rmd,10,1,5,200,15,50,1000,False,5.21597412354e-07,2.22946822064e-09,7.38088978781e-05,0.00626582329524,1.411246359e-08,0.00535616942731,3.38695777536e-14,1.39520376871e-07,4.23116514947e-06,6.39654585911e-09,5.98930858348e-08,3.18667099017e-06,0.115065201807,6.7844256668e-08,0.000582548907267,0.00314115328674,6.61287416845e-10,0.00261417861355,4.05096589465e-27,8.47381271699e-13,0.000308982071272,3.53787493128e-26,4.49441461391e-08,3.40899131093e-08,1.52147211572e-09,1.10359474048e-09,5.11987667594e-09,0.00149050728012,5.95046390261e-09,0.000158322534085,1.14432103681e-07,1.34020936144e-08,1.83198064998e-08,4.96653969408e-29,1.38098417426e-09,3.65228882335e-10,1.28143863645e-09,0.00104554068931,7.8606571205e-10,1.1298424536e-05,0.00201546097247,9.77205654423e-09,0.000191972304365,1.67980341923e-27,1.31145155745e-12,4.15725090657e-06,1.28143863645e-09,1.03634914305e-09,1.33090932103e-07,7.5157111244e-29,2.98605968597e-06,4.21749263837e-09,1.19752892896e-47,5.90135324294e-32,1.03361748516e-18,1.24477907986e-12,5.21597412354e-07,2.22946822064e-09,0.000377548523904,0.00626582329524,6.009642964e-16,0.00239003036392,3.38695777536e-14,0.000104038356227,4.23116514947e-06,5.7533845461e-19,2.65580801174e-07,0.00155809008507,0.827492043998,1.08790711927e-13,0.00976358263064,0.00314115328674,1.38378128362e-05,0.00500584882955,5.55534858259e-29,2.94384973812e-16,0.00026835497136,3.53787493128e-26,4.68438041798e-08,3.40899131093e-08,5.66404314488e-10,1.90937976997e-09,1.9939433705e-07,0.00293634513273,1.97247418947e-08,0.000168662954593,1.14432103681e-07,1.06094794232e-07,2.48807703156e-05,3.9220563633e-29,1.19496495758e-08,7.52207580086e-10,1.28143863645e-09,0.000917137581412,4.4455665904e-10,5.14468770927e-06,0.000902252731737,9.35039949269e-08,0.000297010787986,1.12577596784e-27,1.02080212905e-12,1.65717976514e-06,1.28143863645e-09,8.49685784855e-08,1.11328547998e-05,7.08618681995e-18,4.38214883034e-06,8.56919251128e-06,1.19752892896e-47,3.02044771564e-32,4.34349244195e-19,1.24477907986e-12
rmd,10,1,10,200,1,50,1000,False,0.000205920153899,0.000382633858684,0.000404446741483,0.0129635739235,0.00108423659043,0.0143295118854,0.00144702314611,0.000299274898274,0.107047224652,0.00436053639952,0.0254299867885,0.000348947760301,0.0848720674251,0.00804674672294,0.015596557083,0.00736183450835,9.44523074417e-05,0.00726429404456,8.19078871404e-06,0.000211848702708,0.0103415671766,1.08590706158e-05,2.40648371896e-05,0.00165569984752,0.00020443505281,0.000914824623174,3.99434699447e-05,0.00543311269217,0.000455596505516,0.00304176105043,0.000176404233368,2.28753994621e-05,9.38015409148e-05,2.79109477648e-06,2.8131816115e-05,0.00011057564764,0.0001379504156,0.0138768726349,0.00128776654807,0.00850734538731,0.00387312708983,7.26298913318e-05,0.00324845619985,8.40020158897e-06,7.00609018352e-05,0.00473260789823,0.0001379504156,1.87170955919e-05,0.000265418174099,1.90206999737e-06,6.20525721793e-05,0.000224323560194,4.02187800584e-07,1.19573080839e-05,0.000723511573053,8.68725649262e-05,0.000205920153899,0.000382633858684,0.000848885859184,0.0129635739235,0.00172279889315,0.0132447405104,0.00144702314611,0.0153408609486,0.107047224652,0.0143947726154,0.0862807431984,0.00732814143694,0.234937467995,0.0315869830146,0.0549065900415,0.00736183450835,0.000623158093262,0.00377908251999,0.000139674625544,0.000995724874905,0.0102019194385,1.08590706158e-05,4.19506708332e-05,0.00165569984752,0.000190623934088,0.00132010613097,5.19582185723e-05,0.00247499519955,0.000242298182978,0.00199763842872,0.000176404233368,4.28857437847e-06,5.72134081563e-05,2.7630326139e-06,4.0437429366e-05,0.000125274398032,0.0001379504156,0.0137362911426,0.0011978740818,0.0079141074154,0.0036199358958,3.9092682718e-05,0.0019060305591,8.1196369095e-06,6.87438184564e-05,0.00439975070463,0.0001379504156,9.27027324487e-06,0.000133901096235,1.13578698379e-06,1.94056009283e-05,0.00010246193593,4.02187800584e-07,1.13690070426e-05,0.000672992580944,8.68725649262e-05
rmd,10,1,10,200,5,50,1000,False,5.59160071217e-10,9.66928576804e-08,7.54820579905e-08,0.000173701442371,3.57972036411e-09,0.000780632733541,1.20977811298e-08,1.40010747198e-08,0.0175276162874,2.92709299279e-07,0.000367267119604,1.16584569286e-08,0.0549221939866,1.63786001797e-06,0.000177256733654,1.89902131206e-05,1.89186715636e-10,0.000723428671776,1.23327027123e-16,2.16449130566e-09,4.01140250925e-05,2.28036920476e-16,1.37863648468e-10,1.89842595596e-08,3.66596438577e-09,1.53079851242e-09,1.99212179533e-10,0.000542066770929,6.34816590914e-09,4.25615460189e-05,1.80213121445e-07,6.98995591506e-09,4.8237206575e-09,1.09105622028e-14,2.5282278715e-09,5.53002513366e-11,7.54496008997e-11,0.000285626120256,5.40345222472e-09,2.11421917227e-05,2.52654710256e-05,5.72404969294e-09,5.6539884086e-06,4.41255300604e-14,1.41324934909e-09,2.084981508e-06,7.54496008997e-11,3.92398574033e-11,9.18735112313e-09,4.87774860448e-17,3.97181203919e-07,1.2800102323e-09,1.58922850692e-23,2.88167171718e-15,3.78055660306e-10,7.47231381015e-12,5.59160071217e-10,9.66928576804e-08,4.3170573029e-06,0.000173701442371,6.43013323291e-09,0.000464864464802,1.20977811298e-08,0.000610064583977,0.0175276162874,7.46940825516e-07,0.00583910183704,3.90901377877e-05,0.877096445066,3.71101207312e-05,0.0160334703316,1.89902131206e-05,6.54323215568e-07,0.00492657784721,4.64224123523e-14,2.85876024e-08,3.67792287129e-05,2.28036920476e-16,4.32370084313e-10,1.89842595596e-08,2.16289195213e-09,5.59653087074e-09,9.90051868636e-08,0.000869666135891,1.33440566738e-07,0.00028849895074,1.80213121445e-07,7.53658931977e-09,1.05724478764e-07,9.89035121087e-15,3.72769414959e-08,2.55009640536e-08,7.54496008997e-11,0.000264793667306,3.44294832711e-09,1.31539671753e-05,1.51403051375e-05,1.12640206437e-08,7.84702105161e-05,2.91694353097e-14,1.19585448688e-09,1.43972807602e-06,7.54496008997e-11,1.51746908884e-10,5.46526123985e-08,1.52401550608e-12,6.89652197838e-08,1.13052705992e-08,1.58922850692e-23,1.86017582211e-15,2.55357942244e-10,7.47231381015e-12
rmd,10,1,10,200,10,50,1000,False,1.38515531687e-11,1.7160206715e-10,1.85003870486e-09,2.12071298957e-05,5.33019154135e-11,0.000135004857552,4.68323736459e-12,5.13109581219e-09,0.000419042245371,4.16042536512e-10,1.77230451847e-06,9.35185348262e-09,0.00147334892437,3.82015580185e-10,1.84468340544e-05,2.45541264911e-05,1.52041948782e-11,6.86409244036e-05,5.21787282301e-24,8.80189548961e-11,1.35547707729e-05,2.30375613736e-24,5.0981148106e-11,1.48000487401e-09,1.52602057082e-10,9.74721788376e-12,2.88166845685e-11,2.36958363587e-05,8.21407640527e-11,1.76977665666e-06,3.18800071523e-08,3.11035462098e-10,5.3251221514e-11,1.23717837004e-21,3.99227158837e-11,1.04913451431e-12,2.52197085899e-13,9.44135746637e-05,1.19899797988e-10,3.14177486293e-07,8.32264573579e-06,6.95402927128e-10,5.33358428594e-06,1.91128505017e-21,4.68515854423e-10,2.95984675637e-07,2.52197085899e-13,4.13014137078e-12,2.74077875081e-11,1.72763130661e-24,2.29046519868e-09,1.12730759152e-10,1.11891955419e-38,1.52413252818e-25,4.57347398885e-15,2.47363931698e-15,1.38515531687e-11,1.7160206715e-10,3.41331446352e-07,2.12071298957e-05,3.79791067286e-14,4.83236296596e-05,4.68323736459e-12,2.01347208787e-05,0.000419042245371,8.13105092256e-13,4.89668460692e-05,4.72739276614e-05,0.993569868059,1.87807008849e-09,0.003353131305,2.45541264911e-05,3.19606993992e-07,2.32556670262e-05,1.49381543002e-22,1.0964457432e-13,1.13662128451e-05,2.30375613736e-24,1.36812601263e-11,1.48000487401e-09,5.08169953718e-11,1.86792804549e-10,1.21418980531e-09,1.63777636393e-05,6.87514885268e-09,1.65776515832e-06,3.18800071523e-08,8.62872865735e-10,2.65323528744e-08,9.52353127058e-22,4.05675134761e-10,6.95632580708e-10,2.52197085899e-13,7.93204427013e-05,7.06941284722e-11,1.58934547641e-07,3.15332142334e-06,8.55932905804e-10,1.50131556412e-06,9.10170509379e-22,3.35462034963e-10,1.43682037843e-07,2.52197085899e-13,5.94597890476e-11,1.88756745522e-08,1.33973108302e-13,5.91551944215e-09,3.0603470988e-08,1.11891955419e-38,6.33736418099e-26,2.0173721626e-15,2.47363931698e-15
rmd,10,1,10,200,15,50,1000,False,1.56241362634e-11,5.23915828373e-12,5.55703056136e-10,6.3510984793e-06,1.39215627331e-11,8.94866744593e-05,1.17348636955e-16,1.13815189705e-09,8.31201910938e-06,4.13635671358e-10,1.67917001661e-08,9.89073387386e-10,0.000321580172511,2.13154957754e-09,1.16930273945e-05,3.39067855734e-06,4.57811601223e-12,0.00096984902804,1.19818859587e-29,8.07802688856e-11,1.86173673901e-06,1.0597491226e-30,8.06586058904e-12,2.11085352321e-09,6.42828878401e-09,1.08866629228e-12,7.22234545493e-11,0.000111539546776,9.88086818876e-10,7.89393292962e-06,4.80448476492e-08,1.97301334886e-08,1.29838828472e-10,3.95422272623e-26,3.7597226117e-10,1.08026849171e-12,3.83847223835e-14,6.87112204291e-05,4.86733296281e-11,1.14521912776e-08,4.19054807514e-06,1.16949063814e-09,7.93303066938e-07,7.05273229811e-28,6.6190186305e-12,4.48749240156e-09,3.83847223835e-14,1.85987462828e-13,1.00203416986e-12,1.06020253056e-30,4.93244583821e-08,1.30901801377e-12,3.58712576448e-52,1.38679365069e-34,3.58119619614e-21,3.72866074504e-17,1.56241362634e-11,5.23915828373e-12,4.54477084455e-07,6.3510984793e-06,3.14854145936e-19,1.87551523423e-05,1.17348636955e-16,9.19187822364e-07,8.31201910938e-06,7.17007103534e-19,3.37580869261e-07,3.46516153569e-06,0.973887644635,7.88852362677e-14,0.00145942846778,3.39067855734e-06,1.47054628133e-06,0.0190286609506,4.00647050548e-32,5.55371477437e-17,1.42259075883e-06,1.0597491226e-30,2.24381178773e-10,2.11085352321e-09,1.12876113923e-09,7.31414325477e-11,2.5265650602e-07,0.00375000812135,6.41520346565e-07,0.000143364687672,4.80448476492e-08,1.43532604724e-08,2.19541559119e-07,2.65401209163e-26,2.91194714128e-08,1.33855678361e-10,3.83847223835e-14,5.09395452817e-05,1.70293575967e-11,2.69537851835e-09,9.81969343613e-07,9.121791203e-09,2.70291243812e-05,2.0033234156e-28,4.01025723885e-12,1.19514405849e-09,3.83847223835e-14,2.5109536822e-11,1.1144116025e-08,3.5315691558e-13,1.05475534023e-08,8.19179105831e-10,3.58712576448e-52,3.63588832863e-35,9.65984129203e-22,3.72866074504e-17
rmd,10,1,15,200,1,50,1000,False,3.0288998543e-06,1.6861665501e-05,1.05945581794e-05,0.00302402976516,0.000188747535031,0.00265845827171,0.000315217103552,1.47532829653e-05,0.148015741776,0.00306247186119,0.0236747017638,9.11992705603e-06,0.0758226290921,0.00575566393141,0.00515994556354,0.00153584070198,4.20427659931e-06,0.00139097735823,2.38510430942e-07,1.27973993309e-05,0.00296685969819,1.59727140754e-07,7.05185800459e-07,0.000381214488545,5.04893946493e-05,0.000159255732682,5.85876200606e-07,0.00145439871276,9.33603039495e-05,0.00065626160056,5.27034659412e-06,1.3915945296e-06,2.57767576363e-06,8.60481667241e-08,1.30169249387e-06,3.21989081771e-06,2.02912626958e-06,0.00433825334043,0.000296500157757,0.00198451953339,0.000177421848377,2.1350071828e-06,0.00048857649952,2.50968885434e-07,3.21236767124e-06,0.000987326165561,2.02912626958e-06,5.48477844802e-07,6.9526788052e-06,2.78988666955e-08,6.56966623279e-06,5.86281025031e-06,5.91582002792e-09,5.26927046905e-07,0.000157608551776,1.27781712603e-06,3.0288998543e-06,1.6861665501e-05,3.61899727455e-05,0.00302402976516,0.00038554979526,0.0023945568411,0.000315217103552,0.00599453592854,0.148015741776,0.0191717584787,0.115230643396,0.00153199646689,0.314957861902,0.0407848366014,0.0487342659273,0.00153584070198,0.000126273951491,0.000825941806968,2.80010411191e-05,0.000190003695613,0.00290435844426,1.59727140754e-07,1.89733401929e-06,0.000381214488545,4.52192821469e-05,0.000292031281467,9.51670330145e-07,0.000216317897091,2.6814388591e-05,0.000172142072722,5.27034659412e-06,1.4562158865e-07,1.66441537148e-06,8.45782645453e-08,1.23971418659e-06,3.6972759956e-06,2.02912626958e-06,0.00425600104708,0.000264991347997,0.00177111937197,0.00017790737303,1.36998411998e-06,0.000218140091824,2.39638258974e-07,3.1068873328e-06,0.000882032795252,2.02912626958e-06,1.33034819583e-07,3.07537166196e-06,1.50262932063e-08,2.54373151595e-06,1.66372077884e-06,5.91582002792e-09,4.84687134984e-07,0.000140693553082,1.27781712603e-06
rmd,10,1,15,200,5,50,1000,False,8.75038739473e-13,1.18124416537e-10,8.61382519873e-11,2.57292588004e-06,6.1706227559e-11,0.000137917750913,5.73741106542e-10,7.78384843646e-11,0.0223770606534,3.61024826421e-07,0.000136246785304,8.79937915183e-12,0.00464877420463,3.35700571919e-07,3.64156337088e-06,2.95679882378e-06,1.03506051627e-11,2.96258616996e-05,2.02251637424e-18,3.61612653494e-10,5.71523998397e-06,3.56858705973e-19,5.22292219614e-13,2.62581152428e-09,2.11821038136e-09,2.63874805142e-11,1.10844571283e-13,6.60543189354e-05,6.01173944964e-10,7.39353262257e-06,4.52945130791e-09,4.66010501064e-09,3.15767173374e-12,4.08895123535e-15,1.06532292951e-10,9.06903105e-13,1.18072314286e-13,4.69021048216e-05,7.47379537139e-10,3.13165460813e-07,9.83471181177e-07,7.4981547442e-10,6.02862630344e-07,1.10904488109e-15,1.63868385515e-11,3.24634106595e-07,1.18072314286e-13,1.48659000746e-13,1.04843771779e-11,2.71405068786e-20,1.51645384984e-09,9.66105156216e-13,2.48700967936e-26,3.52038194348e-18,1.79294095794e-11,1.16935460773e-14,8.75038739473e-13,1.18124416537e-10,5.07200181407e-09,2.57292588004e-06,8.38187864676e-11,6.07228822765e-05,5.73741106542e-10,6.34596895256e-06,0.0223770606534,8.2774679958e-07,0.00638587207693,1.49403806562e-06,0.934857315514,3.42360543872e-05,0.00480387445295,2.95679882378e-06,3.00762715526e-07,0.00200076782607,5.70743248874e-15,9.77521177476e-10,5.06187347674e-06,3.56858705973e-19,1.74613617865e-11,2.62581152428e-09,9.76330593229e-10,7.31243338639e-10,4.52016525925e-09,0.00151724807838,2.76665874665e-07,0.000428883990498,4.52945130791e-09,1.0363774759e-09,2.71225495397e-09,3.48627289939e-15,6.91663420639e-08,5.3311922938e-10,1.18072314286e-13,4.13332689058e-05,4.49856006806e-10,1.71466053025e-07,4.68787458995e-07,5.30416326754e-10,4.1343341402e-06,6.09811724806e-16,1.27551675805e-11,1.77008267767e-07,1.18072314286e-13,3.95928299022e-13,4.78340701545e-10,4.57729139976e-16,3.71555676053e-11,1.88681074443e-12,2.48700967936e-26,2.18547368781e-18,9.75986547153e-12,1.16935460773e-14
rmd,10,1,15,200,10,50,1000,False,1.23396614233e-12,3.4315879058e-12,3.58837774982e-11,2.67758238503e-08,1.61012160578e-13,1.38988467854e-05,1.16692657523e-12,9.39376097869e-11,0.000543477081976,4.18070153115e-10,7.52887026921e-07,1.48216251862e-11,0.0417551424607,1.53407871571e-10,3.50020414928e-07,8.99543558691e-08,3.20231808211e-13,3.74324544941e-05,2.08938271089e-25,7.95670632544e-12,2.84957069222e-06,2.05230203361e-25,5.20707988586e-13,2.28911930356e-10,2.57955484838e-09,2.94439814951e-14,2.08447752109e-13,0.000407513720568,8.18495329842e-11,9.74507392079e-07,5.57383274425e-09,1.43641317454e-08,1.04424370279e-13,2.88086424655e-19,4.61127728204e-12,4.20102902075e-14,2.2466987016e-14,3.29976674729e-06,1.85448674452e-11,3.96676074135e-10,4.10070665072e-08,8.23670121251e-10,3.20535704519e-08,3.34165019015e-22,2.13088378166e-13,1.08434363787e-09,2.2466987016e-14,4.2184173673e-14,5.31607769111e-13,1.24969568057e-26,1.27338361202e-10,1.78665444471e-13,9.96789911606e-40,3.04786232324e-27,1.13957673363e-15,2.20364252897e-16,1.23396614233e-12,3.4315879058e-12,5.95407355359e-09,2.67758238503e-08,2.91654061184e-17,2.81703185571e-06,1.16692657523e-12,1.27367411296e-06,0.000543477081976,7.49820671528e-13,4.45156692768e-05,6.19216448111e-06,0.951533889308,1.25843971868e-09,0.00107157567707,8.99543558691e-08,1.3505512977e-07,0.0019690579029,2.9357854921e-25,3.66449010431e-14,2.27974479934e-06,2.05230203361e-25,6.29660623795e-11,2.28911930356e-10,5.3816824422e-10,1.58318578189e-11,4.07329401833e-09,0.00189987954874,6.6454626589e-07,0.000151148666578,5.57383274425e-09,1.68148648478e-09,1.62248074098e-09,1.98036992549e-19,2.16446716525e-08,6.95944841102e-11,2.2466987016e-14,2.53725308656e-06,5.99176929383e-12,1.22051070377e-10,1.0626455772e-08,3.77978615633e-10,4.47865102089e-06,9.10579073052e-23,1.29103613135e-13,2.8237734977e-10,2.2466987016e-14,1.92151355605e-12,1.73453259693e-11,3.45860701463e-15,4.01261529797e-12,2.77347346665e-12,9.96789911606e-40,1.10546897664e-27,2.64245026137e-16,2.20364252897e-16
rmd,10,1,15,200,15,50,1000,False,2.97828542561e-14,3.66964537044e-14,4.81381439818e-13,1.30210390941e-06,2.18762275688e-12,1.56481242983e-05,3.99584419931e-18,5.18761095315e-12,1.32604398336e-05,2.85519852423e-10,1.33321982903e-08,3.26757452333e-13,0.00150315238849,3.23624503752e-10,1.22970417272e-06,2.26161897744e-09,5.00712752757e-14,1.30809931173e-05,2.69703854963e-30,2.84368723372e-12,9.93576135524e-08,2.02010230417e-33,8.91901582193e-15,2.47779542262e-10,7.31941902724e-11,1.71072113188e-13,9.52658337517e-13,9.31361265091e-06,5.45983933204e-10,1.77661379978e-07,1.01323805146e-08,2.05404119746e-10,1.22036023593e-12,8.88089393709e-22,6.68438036863e-12,2.43160866005e-13,7.31692666484e-17,2.78957543999e-06,5.71344965577e-12,2.34793131968e-09,3.05450251507e-08,1.45624019767e-09,4.00577940789e-09,1.48738045406e-28,1.28848692837e-13,2.99320557961e-12,7.31692666484e-17,2.05660029123e-16,8.68018712709e-16,1.3984526031e-32,2.86220024818e-11,4.3245667783e-16,6.83780799403e-55,9.71347041719e-37,1.21943487528e-22,7.10760311275e-20,2.97828542561e-14,3.66964537044e-14,2.07735888655e-09,1.30210390941e-06,4.34971093655e-20,1.48329939689e-06,3.99584419931e-18,2.57755505558e-08,1.32604398336e-05,5.94715378098e-18,3.41891857658e-07,8.44199008029e-08,0.979812911295,4.35854831355e-13,0.000629926110936,2.26161897744e-09,4.37932263882e-09,0.00898852298037,7.04759499528e-35,5.48693216273e-19,6.32006534325e-08,2.02010230417e-33,1.26985381085e-12,2.47779542262e-10,8.40904133785e-12,4.2194758991e-12,3.62396916446e-08,0.00877435667617,3.5975426669e-06,0.000208875196797,1.01323805146e-08,9.60016823835e-11,2.84270348934e-09,4.70948240029e-22,3.77274813477e-08,1.57609016515e-11,7.31692666484e-17,1.86541792085e-06,9.82411219655e-13,3.72366620251e-10,3.38826452631e-09,6.08765271551e-10,3.16345223242e-06,2.35882285429e-29,6.07642244022e-14,2.10232204972e-12,7.31692666484e-17,1.42771151473e-14,7.79620140165e-12,2.12152809934e-14,6.52435401049e-13,2.53636076254e-13,6.83780799403e-55,1.66191986095e-37,2.35337612762e-23,7.10760311275e-20
rmd,10,1,20,200,1,50,1000,False,4.33376049271e-08,2.24673146714e-06,1.03781649293e-06,0.000671110757314,3.06828109721e-05,0.000515621497679,4.49652028343e-05,5.24099063011e-07,0.170036112179,0.00161748028057,0.0148033064722,2.02317689656e-07,0.0468014453428,0.00328860591728,0.00151503042103,0.000266021877135,1.67268453045e-07,0.000910455523622,7.33485124286e-09,2.1325297743e-06,0.000703115755566,2.28538150983e-09,8.56867356921e-09,7.97202693936e-05,4.93102566908e-06,2.58886217577e-05,8.20772658047e-09,0.000323022185362,1.87867123119e-05,8.74998166499e-05,4.83479829889e-06,4.05515496449e-07,1.26428599579e-07,8.13134607755e-08,4.98103459785e-07,9.90204917787e-08,2.90328095508e-08,0.00109068759075,6.20046539728e-05,0.000440416434487,0.00106479510919,3.49386964485e-06,0.000149810451783,2.30228490424e-07,2.31859925969e-07,0.000171014063872,2.90328095508e-08,6.66452388716e-09,6.81067073487e-07,3.9084412288e-10,2.29893901233e-07,1.30061371922e-07,8.46437596232e-11,7.02103583482e-08,2.24826014171e-05,1.82830520786e-08,4.33376049271e-08,2.24673146714e-06,4.54182050149e-06,0.000671110757314,8.23611874159e-05,0.000460668242038,4.49652028343e-05,0.00190186676853,0.170036112179,0.0212771618772,0.127945181981,0.000210344063153,0.349615031142,0.0437357392142,0.0291966933247,0.000266021877135,2.59319959478e-05,0.00406779487951,4.66322132335e-06,0.000114297689728,0.000681747451991,2.28538150983e-09,4.35594925895e-08,7.97202693936e-05,4.64422178911e-06,5.8755478628e-05,8.24346516252e-07,0.00102060219879,1.04002858468e-05,0.000766701523337,4.83479829889e-06,1.34280933374e-06,1.15617263391e-05,7.96446968121e-08,9.14838337564e-06,3.05558608268e-06,2.90328095508e-08,0.00106238810451,5.33151565328e-05,0.000378346704692,0.000871492242273,7.01520377586e-06,0.000381037240339,1.980472461e-07,2.19704261398e-07,0.000146891471686,2.90328095508e-08,2.40362677791e-09,7.60993619654e-07,7.39598629304e-11,3.68513929667e-08,9.23668259267e-09,8.46437596232e-11,6.08279531449e-08,1.93173119222e-05,1.82830520786e-08
rmd,10,1,20,200,5,50,1000,False,1.55284094078e-15,2.06387123561e-13,1.63189890072e-13,5.83775927098e-08,2.50201255483e-13,4.42181743176e-07,4.80832967031e-13,1.13769168841e-12,0.0251814604023,8.75198724632e-09,1.87173998647e-05,2.31999819643e-14,0.00492991348582,1.03408917731e-08,3.36350053469e-06,3.06712226529e-08,2.78154101687e-12,1.81183289265e-06,5.10347256456e-20,1.73730466495e-12,6.30772824414e-08,6.33280315157e-22,1.52996950145e-13,2.79640318144e-11,3.25573573388e-09,1.06993751115e-13,2.56437949633e-14,0.000662641237009,1.736421005e-10,0.000122768205764,6.58707131712e-09,1.01917594264e-08,1.55942390535e-11,4.0217316479e-14,1.84959383473e-10,2.28841416268e-14,2.09530750269e-16,7.69032507641e-07,7.95934702881e-12,7.1054692496e-09,0.000740909191822,5.77577366524e-09,7.16227205384e-08,1.61285710542e-15,1.12309939896e-11,3.36746784531e-09,2.09530750269e-16,4.35472191077e-14,1.98627708326e-14,6.27893261292e-21,1.15277651295e-11,2.54718222878e-15,4.41343940104e-29,6.15081559303e-21,1.50260302197e-14,2.07513293671e-17,1.55284094078e-15,2.06387123561e-13,6.83849532469e-12,5.83775927098e-08,1.63428896628e-12,1.64005215379e-07,4.80832967031e-13,8.51416160667e-07,0.0251814604023,7.79769992095e-07,0.00610594834637,1.06969407342e-09,0.898018149821,2.74556181374e-05,0.000543633983808,3.06712226529e-08,2.2089688882e-09,0.00199715667387,4.93942024801e-17,5.06129192873e-11,5.26662502377e-08,6.33280315157e-22,3.04464542124e-12,2.79640318144e-11,1.16340426735e-09,5.94975878683e-12,3.76958478663e-09,0.0292625737874,5.31207064232e-07,0.00693730579969,6.58707131712e-09,1.26610854154e-08,1.53969869124e-08,3.27463110456e-14,2.13282813581e-07,6.05275990697e-10,2.09530750269e-16,6.45109327642e-07,3.66025177649e-12,3.34322519282e-09,0.000258534433064,3.86031084928e-08,1.29154372369e-06,6.92348682113e-16,8.04318395647e-12,1.53189411105e-09,2.09530750269e-16,7.83663819877e-13,2.60197120244e-13,1.4824387144e-16,5.94880268586e-14,5.63150068353e-15,4.41343940104e-29,2.94663766776e-21,6.98782078748e-15,2.07513293671e-17
rmd,10,1,20,200,10,50,1000,False,2.70898772382e-18,4.43657449208e-15,3.14254940423e-14,6.22210459154e-08,1.3628616704e-14,1.27220609182e-05,4.56679819384e-17,1.08667612088e-12,0.000791739619076,7.47412397667e-08,2.90777633515e-06,4.31485989667e-15,0.00211532331066,6.73185473223e-09,9.15352466235e-07,5.19071628947e-08,2.31089761096e-15,4.48574772165e-06,1.10356446983e-28,4.16059131049e-13,1.15625297112e-07,4.50552152437e-31,4.1291531377e-15,2.30131371658e-12,3.79306843113e-10,2.49223870169e-15,6.6103298141e-17,1.30177873457e-05,1.91375337107e-11,6.93404703737e-08,2.37340403485e-10,1.11244788e-09,1.80148893776e-15,1.24877119154e-18,1.91335025439e-11,2.21888806673e-17,4.93229027359e-20,2.20984277662e-08,1.86436581778e-13,9.21786771542e-10,6.18737049444e-09,2.86809326043e-11,1.21805638781e-08,1.42291425098e-23,3.87789874329e-16,6.2570846404e-10,4.93229027359e-20,3.34515538269e-16,4.65559591151e-16,3.96305574526e-30,6.18609803639e-14,5.20129440318e-17,2.18830285624e-45,3.94046972126e-30,4.45976386117e-20,4.83776689965e-22,2.70898772382e-18,4.43657449208e-15,5.28837939517e-12,6.22210459154e-08,5.06003263408e-17,1.69298681445e-06,4.56679819384e-17,5.38939796864e-09,0.000791739619076,1.02464974517e-12,4.78517720635e-05,1.94709094492e-10,0.982669920465,1.2092520851e-09,0.00256426048659,5.19071628947e-08,3.93984790087e-09,0.000995313212105,1.44326016572e-25,5.77954663821e-12,7.9689215745e-08,4.50552152437e-31,3.19192697489e-13,2.30131371658e-12,4.6857392661e-11,9.43142800832e-14,4.4804468878e-11,0.00945042995872,9.40234127995e-08,0.000536249854741,2.37340403485e-10,7.83999602452e-11,1.78046410112e-10,8.01264378766e-19,8.58960028737e-08,2.18026917347e-12,4.93229027359e-20,1.58853503115e-08,3.56944468449e-14,2.11751688499e-10,1.13083966149e-09,3.67114361738e-11,6.03133339469e-07,2.85267935867e-24,1.98859943288e-16,1.38819400028e-10,4.93229027359e-20,1.29457645662e-15,3.14607008228e-14,7.64350623591e-23,2.85496383805e-16,1.55876587468e-16,2.18830285624e-45,9.81872209919e-31,8.30903473578e-21,4.83776689965e-22
rmd,10,1,20,200,15,50,1000,False,1.65914240574e-18,8.0547266881e-18,1.95724119091e-14,1.67204516912e-09,1.67536119373e-14,4.14142878359e-06,5.65601923952e-22,1.57129983099e-12,2.32907746426e-05,3.45190905733e-07,6.18293712599e-09,1.25413842749e-14,0.000708262509355,5.85993863963e-08,3.39472502955e-08,2.62513666063e-12,2.71749381403e-14,8.41155332123e-05,5.71531546598e-34,5.79315871498e-14,1.178467642e-08,1.12535802242e-37,2.02584229945e-15,2.52658655236e-10,6.91722951448e-10,1.31013255765e-15,3.93274085783e-17,3.15380371157e-05,2.27746126765e-10,2.08218402308e-08,1.82898950201e-10,1.2026916959e-11,1.4615312248e-14,1.01938907382e-20,1.36548226699e-10,5.15284091281e-17,4.07611144483e-21,3.49316709869e-06,5.82595517617e-12,3.01500302098e-12,2.80353491801e-09,2.94480247265e-11,5.39928390828e-09,2.6848609091e-30,4.68748745464e-15,3.47431365681e-15,4.07611144483e-21,4.67130897201e-17,3.52926357035e-17,5.773057846e-37,3.79759425651e-11,1.65982606982e-17,3.80920415069e-59,2.13206840186e-40,1.72608009018e-26,3.9595015394e-24,1.65914240574e-18,8.0547266881e-18,2.63059291925e-13,1.67204516912e-09,1.14840841916e-22,1.70237524345e-07,5.65601923952e-22,5.04669230387e-10,2.32907746426e-05,2.55515941785e-14,3.66638132667e-07,5.89036176258e-12,0.967063982918,1.27349803689e-09,0.000164042858767,2.62513666063e-12,2.43687198402e-10,0.0149135112549,6.37833934539e-38,4.61835825083e-12,6.46435168708e-09,1.12535802242e-37,2.05860468582e-13,2.52658655236e-10,2.9959663521e-11,3.0314003759e-12,3.96872676702e-11,0.0167337007749,4.526462006e-09,0.000232406377181,1.82898950201e-10,1.61492226291e-12,2.76370782917e-11,4.99562087639e-21,4.82552351738e-08,1.64662456261e-13,4.07611144483e-21,2.17973804551e-06,7.05794229371e-13,9.83120414086e-13,1.73326322712e-10,4.06780938326e-12,1.09553200101e-05,2.46438670618e-31,1.7208433342e-15,1.90268076633e-15,4.07611144483e-21,1.53982254357e-16,3.83181158993e-14,7.44079389494e-19,8.80814655575e-13,1.62045304714e-15,3.80920415069e-59,2.10451580941e-41,1.64205792986e-27,3.95950153941e-24
rmd,30,1,5,200,1,50,1000,False,0.00732263836455,0.00545432560375,0.00981258200153,0.0298929253715,0.00326451865691,0.0300416396586,0.00347832082193,0.00335808293914,0.0284356664668,0.00227111961563,0.01584303993,0.00658423112744,0.0453469857724,0.00513660008098,0.0252913086646,0.022390489386,0.00129585985454,0.021561168809,0.000159330786388,0.00178835650447,0.0184535914153,0.000386154757506,0.000732564419311,0.00373454823185,0.00039253002156,0.00275443761677,0.00171407055591,0.0114947428511,0.00109494805381,0.00850801421546,0.00406087512468,0.000409336403895,0.00244676433425,6.72200364866e-05,0.000432569529892,0.00215096561623,0.00490559562313,0.0262314499166,0.00290464862477,0.0196172322751,0.0250962630755,0.00153247320755,0.016068297909,0.000193375005937,0.00113076324747,0.0143938860339,0.00490559562313,0.000569772326131,0.0064395069385,8.16224074243e-05,0.00108042308895,0.0042327200105,1.43020280558e-05,0.000170447675117,0.00173916041096,0.00308923806005,0.00732263836455,0.00545432560375,0.0127267483563,0.0298929253715,0.00427041194194,0.0300415930355,0.00347832082193,0.0121863271607,0.0284356664668,0.00406223307132,0.0243733997364,0.0189375005158,0.0663498227501,0.00947853445131,0.0369670446497,0.022390489386,0.00284918377168,0.0202407950819,0.000456948166535,0.00308016412865,0.0184535873391,0.000386154757506,0.00080230580051,0.00373454823185,0.000392529542179,0.00320103685914,0.0024335312799,0.0116300910279,0.0010400829445,0.00996863547172,0.00406087512468,0.000384517471783,0.00304609808046,6.7220028676e-05,0.000633461571195,0.00298349757848,0.00490559562313,0.0262314443765,0.00290464455737,0.0196172048583,0.0250962234854,0.00147535072995,0.0156289944222,0.00019337484305,0.00113076283654,0.0143938672458,0.00490559562313,0.000500296103626,0.00541780722818,7.6783024468e-05,0.000851775629044,0.00348459056186,1.43020280558e-05,0.000170447522629,0.00173915821064,0.00308923806005
rmd,30,1,5,200,5,50,1000,False,1.43717647494e-06,5.91464158748e-06,7.57561367567e-05,0.00336229880502,9.28134025248e-08,0.00870864357082,4.94719755363e-07,7.27976368564e-07,0.0105213700452,3.33668837584e-07,0.000750384449922,1.38831784732e-05,0.131092277989,6.62196797366e-06,0.00180538356767,0.0014110791393,5.43128980611e-09,0.00583589978768,4.02777733447e-14,1.63251733037e-08,0.000776401182107,5.8610997887e-13,4.87052949812e-08,2.01290495411e-07,1.585776885e-08,3.96898651475e-08,7.50828938549e-08,0.00209980603322,7.42040950097e-09,0.000483448440204,3.85067705725e-06,3.70635592804e-08,3.57589158128e-07,2.78957171568e-14,3.79570589643e-08,1.80606882466e-08,1.93923702779e-07,0.00199539230624,5.72929153138e-08,0.000409244534727,0.00201887202971,4.65941259014e-08,0.000407737211424,9.42845697805e-13,1.19963018874e-08,0.000154925797466,1.93923702779e-07,1.38628917128e-08,9.22071081054e-06,1.83841912467e-14,3.61791189157e-06,1.52426780074e-06,4.0847012171e-20,1.76270055398e-13,1.54599923551e-08,1.92056517876e-08,1.43717647494e-06,5.91464158748e-06,0.000409079582257,0.00336229880502,2.00051168933e-07,0.00870853407996,4.94719755363e-07,0.00143758945003,0.0105213700452,6.26006423318e-07,0.00486782509925,0.00236658498728,0.727700854875,4.32971568765e-05,0.0518994767386,0.0014110791393,2.68396522322e-06,0.00524033735024,4.99534314871e-12,3.47227064881e-07,0.000776400009081,5.8610997887e-13,1.85526490845e-07,2.01290495411e-07,1.58575440667e-08,9.31289196875e-08,2.61241235551e-06,0.00260607988093,4.33260513569e-08,0.00120573048848,3.85067705725e-06,2.13996572127e-07,3.97090353374e-05,2.78956627463e-14,3.56723743952e-08,8.2426095054e-07,1.93923702779e-07,0.00199538902862,5.72922879636e-08,0.000409239811093,0.00201884663752,6.86308116086e-07,0.000760270062868,9.42835981594e-13,1.19962560163e-08,0.000154923783925,1.93923702779e-07,8.06580572826e-08,2.87581937147e-05,1.58964063858e-10,9.03407773993e-06,4.81993400685e-05,4.0847012171e-20,1.76268206522e-13,1.54598143343e-08,1.92056517876e-08
rmd,30,1,5,200,10,50,1000,False,4.93696747103e-07,3.7587727425e-08,7.21863757021e-06,0.00171063115102,1.5963666019e-09,0.00295794514245,7.83367384532e-11,1.18070527972e-07,0.000179924578509,1.04188962959e-08,4.56363889254e-06,4.55716158278e-06,0.0919613850871,6.08487167335e-08,0.000348698908395,0.00111760869112,3.13693466328e-10,0.00219605292317,1.62450352348e-21,1.27125703821e-11,0.000185746460727,8.21104245333e-20,3.0826769225e-08,2.0252775568e-09,1.77300882693e-10,2.91924464072e-10,9.12259822096e-09,0.000954336589727,5.67500550586e-10,0.000129512478389,4.09449497641e-08,6.71071459266e-09,1.19051564056e-07,1.2391518582e-22,2.24674578021e-09,3.26631708535e-10,8.98880287432e-09,0.000386174013083,1.6407403394e-10,2.53425049804e-05,0.000889357239235,3.87000487448e-09,0.000106498768344,2.45475071541e-21,1.25396081853e-10,1.34720755002e-05,8.98880287432e-09,2.49737245302e-09,1.06942024565e-07,5.46922261189e-22,2.00688635289e-07,5.49337396869e-08,3.98805056332e-34,3.33846083445e-23,7.65007211457e-14,8.81653970078e-11,4.93696747103e-07,3.7587727425e-08,0.000179806470477,0.00171063115102,6.05572467847e-12,0.00295787142569,7.83367384532e-11,8.02393856292e-05,0.000179924578509,6.36947355851e-13,3.85137641872e-05,0.00179262871142,0.86069963055,3.04694532782e-09,0.0218307987861,0.00111760869112,2.12596600121e-06,0.00263926942935,1.40060802189e-20,7.77417553098e-12,0.000185745799347,8.21104245333e-20,4.67094050974e-08,2.0252775568e-09,1.77295528836e-10,4.33520379785e-10,2.37929887693e-07,0.00144151405788,1.00309063141e-09,0.00030856333636,4.09449497641e-08,1.3098426098e-07,2.79083225524e-05,1.2391443675e-22,2.91597464127e-09,1.87610601761e-09,8.98880287432e-09,0.000386172636507,1.64071338282e-10,2.53419299535e-05,0.000889333832304,8.48003653002e-08,0.000289645742027,2.45471016892e-21,1.25395122883e-10,1.34716920685e-05,8.98880287432e-09,3.18809040679e-08,6.24727190712e-06,1.9973288836e-13,1.96523171971e-06,1.35585241454e-05,3.98805056332e-34,3.33839468261e-23,7.64988110616e-14,8.81653970078e-11
rmd,30,1,5,200,15,50,1000,False,1.15437861186e-07,7.39541097669e-10,7.45538766861e-06,0.00492942090469,1.47171948135e-09,0.00293929817091,3.03123387588e-15,7.30920018723e-08,2.58520379024e-06,9.46075443647e-09,3.98708064773e-08,5.35156042038e-06,0.107675291001,9.47262555623e-08,0.000437836367542,2.88392280638e-05,5.83280669464e-11,0.00100453190679,2.60346316277e-28,6.82401380114e-14,1.07092636792e-05,7.82988384411e-27,1.2120072511e-08,8.4308784975e-10,2.66263860854e-10,1.15088472591e-10,4.22975075387e-09,0.00119837102397,1.05165565252e-10,7.97227932122e-05,7.7105263069e-07,8.96196651443e-09,4.42866861468e-07,1.64848173017e-29,4.1212744261e-10,2.34724252405e-11,2.83602893592e-10,0.00067103059316,1.94404265218e-11,8.88864678644e-06,0.000204979398797,4.49460186317e-09,2.99545664612e-05,1.13186492581e-26,1.35172827483e-11,3.81681172704e-08,2.83602893592e-10,2.79471918803e-10,1.34434265046e-08,6.20905283591e-29,4.11453591561e-08,7.08267867825e-09,2.65032331437e-48,1.95754898617e-32,9.25059166223e-20,2.75489546583e-13,1.15437861186e-07,7.39541097669e-10,0.000244682109854,0.00492942090469,1.03826759749e-15,0.00293918812663,3.03123387588e-15,7.91278106023e-06,2.58520379024e-06,5.44520356409e-19,2.56025318643e-07,0.000331826632377,0.85533589766,1.80159030235e-13,0.0131914272484,2.88392280638e-05,2.11841018704e-08,0.000728687481871,1.27946651212e-30,2.1158295281e-16,1.07091875856e-05,7.82988384411e-27,2.28176452363e-08,8.4308784975e-10,2.6625211573e-10,8.34949007676e-11,6.45139557516e-08,0.00190258688983,2.28948462119e-09,0.000188422486645,7.7105263069e-07,1.78760212009e-08,2.7153982504e-06,1.64846550524e-29,7.36609287519e-10,7.56255535863e-09,2.83602893592e-10,0.000671026685435,1.94399326503e-11,8.88831928912e-06,0.000204972363058,1.3533624003e-08,2.15567472503e-05,1.13183425741e-26,1.3517127688e-11,3.81669301672e-08,2.83602893592e-10,6.69790725859e-09,7.69281582816e-06,4.89655778755e-17,1.90186093651e-06,1.77235596141e-06,2.65032331437e-48,1.95749545549e-32,9.25034106551e-20,2.75489546583e-13
rmd,30,1,10,200,1,50,1000,False,0.00019807556373,0.000319130801875,0.000319733316357,0.0128077071804,0.00112248515926,0.00933709237744,0.00151263327823,0.000282457891631,0.104677688364,0.00415438271297,0.0251678012124,0.000321087107476,0.0855160673753,0.00774513597033,0.0156988791103,0.00687660245084,8.82661610706e-05,0.00634226691433,7.91729533916e-06,0.000160954647976,0.00957049453231,1.04453910561e-05,2.18763059417e-05,0.00171480219524,0.000209723206876,0.000947096853123,3.94177271126e-05,0.00467435889576,0.00044293614893,0.00254409254283,0.000144443446749,1.9971554096e-05,8.45856267716e-05,2.15309394532e-06,2.20786497667e-05,0.000106883487079,0.000132695153046,0.0144332686507,0.00133373504074,0.00840505783711,0.00261656943475,5.66699506654e-05,0.00250084916112,6.87825936901e-06,6.03462075478e-05,0.00442067300411,0.000132695153046,1.70149046213e-05,0.000209824988859,1.87703462441e-06,5.16786799114e-05,0.00020641314052,3.8686633541e-07,9.97283755858e-06,0.000756316639115,8.35631284486e-05,0.00019807556373,0.000319130801875,0.000744636937166,0.0128077071804,0.00182966637395,0.00933706478514,0.00151263327823,0.0152939883991,0.104677688364,0.0149539127112,0.0897234756572,0.00823541940933,0.24424726616,0.0348923667996,0.0587246584459,0.00687660245084,0.000650751815355,0.00382085234762,0.000140338363803,0.000906036469388,0.00957048906269,1.04453910561e-05,4.15924498718e-05,0.00171480219524,0.000209722529165,0.00146982556458,4.25886174171e-05,0.00206985820064,0.000207190002172,0.00177415932001,0.000144443446749,6.62835018421e-06,5.46716632102e-05,2.15309306534e-06,3.20821994807e-05,0.000106121610065,0.000132695153046,0.0144332616755,0.0013337306049,0.00840502990533,0.00261656316833,3.57516928155e-05,0.001347805896,6.87825250423e-06,6.03461603933e-05,0.0044206584598,0.000132695153046,9.15768179368e-06,0.00011150931285,1.03205428132e-06,1.31944345333e-05,9.21969267286e-05,3.8686633541e-07,9.97281612276e-06,0.000756314027388,8.35631284486e-05
rmd,30,1,10,200,5,50,1000,False,8.53229610917e-11,1.86935140311e-08,2.34062570461e-08,5.80136707575e-05,3.20118263657e-10,0.000555046158039,8.56241220878e-09,5.55848261955e-10,0.013371426023,6.42496647024e-08,0.000237140994072,3.83040431253e-09,0.0188901479004,5.1810047109e-07,0.000121343309822,3.31054221439e-06,6.01334318863e-12,0.000701038042705,2.36675846768e-17,6.73625612475e-10,1.76870503559e-05,3.47964497016e-17,9.38453452691e-12,2.26041420498e-09,6.3615945213e-10,1.36892413921e-10,3.35946228054e-11,0.0001556386074,3.9880636393e-10,2.79030218128e-05,5.40076850468e-08,8.18145813758e-10,8.55890423567e-10,1.34836881832e-15,2.23041349996e-09,1.06126241075e-11,1.15129525396e-11,6.00811088488e-05,6.43377221342e-10,7.06117423637e-06,7.32488553141e-06,9.25185400137e-10,2.14512024112e-06,1.32238857577e-14,1.05150098599e-09,3.63472450499e-07,1.15129525396e-11,2.67110148849e-12,2.8489088359e-09,8.22570813145e-18,1.62434691171e-08,4.20549369776e-10,2.42502440789e-24,5.57110131713e-16,2.67575381524e-10,1.14021006382e-12,8.53229610917e-11,1.86935140311e-08,1.29290474604e-06,5.80136707575e-05,3.45168234267e-09,0.000555032567196,8.56241220878e-09,9.65035097382e-05,0.013371426023,7.95574516739e-07,0.00618638693287,4.09595763449e-05,0.924815349927,5.50247612943e-05,0.0164014307656,3.31054221439e-06,1.88987923996e-07,0.0038137165672,1.17195109377e-14,4.17102782945e-08,1.76869823175e-05,3.47964497016e-17,7.4674823875e-11,2.26041420498e-09,6.36144172302e-10,1.04579106915e-09,2.23595147706e-09,0.000108535805196,1.01322270921e-09,5.02147382611e-05,5.40076850468e-08,1.59705661932e-09,4.12177361121e-08,1.34836197767e-15,5.66650761904e-10,1.15605829002e-08,1.15129525396e-11,6.00808996189e-05,6.43363664953e-10,7.06102262434e-06,7.32471509418e-06,1.05736942075e-08,0.000132595584396,1.32236441862e-14,1.05149294461e-09,3.63464716271e-07,1.15129525396e-11,2.00857823332e-11,6.05324643107e-08,8.53722339101e-14,5.31370886277e-09,4.39409572409e-08,2.42502440789e-24,5.57099426791e-16,2.67570126957e-10,1.14021006382e-12
rmd,30,1,10,200,10,50,1000,False,4.54543608853e-11,1.25229549594e-10,2.04089100263e-09,8.22145174664e-05,7.58558371604e-13,0.000130046397214,3.06867662026e-13,6.9639526379e-11,0.000199619556545,8.20792199771e-12,4.27829231225e-07,9.43522037423e-10,0.0368829164817,6.43139559962e-11,2.20533568707e-05,2.7582719892e-07,9.06754163894e-13,0.0001453920601,7.40347887065e-24,4.18424550066e-12,8.54341539217e-07,7.55985712096e-24,4.53413546868e-12,1.3900961425e-12,4.11496578353e-13,1.38716098065e-13,4.91135437452e-12,8.5336408302e-05,1.68657229133e-13,5.62302297168e-06,1.57274298584e-08,4.23772511172e-10,5.30661693303e-12,1.22758516739e-21,5.72176926751e-12,1.48858461535e-12,8.27593643615e-13,2.6129927364e-05,1.12616012012e-13,1.21798426102e-06,1.56444991871e-06,3.4991352464e-10,6.96594904511e-07,9.42898206462e-22,2.60513909386e-11,3.32492479558e-09,8.27593643615e-13,3.67324416487e-13,3.0235209015e-11,2.94447806968e-25,2.39844530809e-08,1.13735695018e-11,3.67177403128e-38,1.11226183458e-25,2.99675451197e-16,8.11733477424e-15,4.54543608853e-11,1.25229549594e-10,5.99039958695e-07,8.22145174664e-05,2.9103895447e-13,0.000130040210716,3.06867662026e-13,5.63100203976e-06,0.000199619556545,7.06658872975e-13,4.27289436429e-05,7.02215544173e-06,0.954898561306,3.3803678997e-09,0.00204653624487,2.7582719892e-07,1.31746232074e-08,0.00490095017399,3.45669176991e-24,5.14686945611e-13,8.54334510739e-07,7.55985712096e-24,2.04478499863e-12,1.3900961425e-12,4.11475854566e-13,2.97553579459e-13,6.58414021439e-10,2.88361896101e-05,2.0826901614e-10,6.17243279273e-06,1.57274298584e-08,6.07510508313e-09,2.30808401657e-07,1.2275699491e-21,3.28746835038e-10,7.20621551672e-10,8.27593643615e-13,2.61297204434e-05,1.12612961856e-13,1.21793661197e-06,1.56438037386e-06,7.80649367691e-09,3.63236634623e-05,9.42866252883e-22,2.60509924827e-11,3.32480511121e-09,8.27593643615e-13,2.36942669095e-12,4.02178439949e-09,2.07828911085e-13,1.4818408896e-08,5.1403624923e-09,3.67177403128e-38,1.11221348569e-25,2.99664140689e-16,8.11733477424e-15
rmd,30,1,10,200,15,50,1000,False,1.1932704865e-13,3.54770278964e-12,2.00818710067e-09,7.30532419591e-05,1.36443398422e-12,0.000102617804695,5.64364604487e-17,1.48171657765e-11,2.91289049874e-06,2.41275052306e-13,1.01571672459e-08,1.6767023895e-10,0.0308011902377,1.11432016365e-12,9.6129980446e-06,2.96487299136e-07,2.53868592692e-13,0.000175582809491,4.16788062476e-30,2.67901821616e-11,5.17817415905e-07,8.0936784586e-33,2.63531165311e-13,3.23751186901e-13,3.06943330991e-14,1.06698746048e-13,6.99953244646e-14,0.000251828329706,1.68983540452e-14,8.47564010715e-06,2.65227322358e-10,6.75989291114e-12,6.4109400433e-12,1.63658942079e-28,4.25555637384e-10,3.75769735385e-13,2.93157686163e-16,3.39390175091e-05,7.46524951363e-15,1.31728346379e-07,1.11843969394e-06,5.40849436614e-12,3.66098942102e-07,3.89339834396e-30,2.17102416872e-12,3.92394760969e-10,2.93157686163e-16,6.07666005026e-15,3.62112835647e-12,1.02749474652e-33,6.90320534385e-08,2.2190806664e-13,2.73961467947e-54,9.39069109341e-35,1.72230409084e-21,2.84770994455e-19,1.1932704865e-13,3.54770278964e-12,1.17373872154e-06,7.30532419591e-05,1.53865405563e-17,0.000102610534521,5.64364604487e-17,1.02823606429e-06,2.91289049874e-06,6.13527422744e-19,2.88471182984e-07,6.17788542389e-06,0.963730630722,2.02985718228e-13,0.00336044154978,2.96487299136e-07,1.00553924597e-08,0.00101637552993,1.31534903231e-32,3.69817196728e-17,5.17810813055e-07,8.0936784586e-33,3.29538510242e-13,3.23751186901e-13,3.0692038267e-14,3.20618409696e-14,1.85962180105e-11,0.000183959273757,2.32205864196e-12,1.82178774383e-05,2.65227322358e-10,5.94005606678e-10,1.92698639154e-08,1.63655804652e-28,5.40819133351e-11,2.60130809551e-12,2.93157686163e-16,3.39386344634e-05,7.46488735677e-15,1.317198818e-07,1.11836778064e-06,3.86248900291e-10,5.29927308282e-06,3.89319413472e-30,2.17097436021e-12,3.92373181995e-10,2.93157686163e-16,7.50770919486e-12,5.25103577045e-08,9.74482899621e-17,1.79502412843e-08,1.76594848286e-10,2.73961467947e-54,9.39009482433e-35,1.72221098787e-21,2.84770994455e-19
rmd,30,1,15,200,1,50,1000,False,2.83455562172e-06,1.63585743145e-05,1.08104116878e-05,0.00280761545236,0.000162372759865,0.00201784270437,0.000297385938597,1.3831516626e-05,0.141623905391,0.00302784414751,0.0216513474674,8.33060232707e-06,0.0636303608732,0.00505744666711,0.00451356032865,0.00160200061852,4.32925629528e-06,0.00155894233919,2.24472070677e-07,1.24669014633e-05,0.00269005271642,1.49478519114e-07,5.18050544716e-07,0.000343827367995,5.20083011136e-05,0.000137002016136,5.24150657712e-07,0.00129060138326,8.73088223396e-05,0.000537808656716,5.75285039161e-06,1.2963632228e-06,2.66111931413e-06,8.04956021248e-08,1.13272232514e-06,3.03037295414e-06,1.8989308169e-06,0.00381264793101,0.000267421286218,0.00184249764061,0.000303764217439,2.33074837175e-06,0.000587918867369,2.73945256743e-07,3.50936632759e-06,0.00102985754048,1.8989308169e-06,4.02928201446e-07,7.09433267015e-06,2.49595551291e-08,4.15218522563e-06,5.35538721026e-06,5.53624144868e-09,5.11205447328e-07,0.000148692969299,1.19582815291e-06,2.83455562172e-06,1.63585743145e-05,3.81698573777e-05,0.00280761545236,0.000401085880352,0.00201783450211,0.000297385938597,0.00678832603053,0.141623905391,0.0202318967028,0.121391382972,0.00161909262725,0.330454347572,0.0472075544491,0.0505195207395,0.00160200061852,8.78488962074e-05,0.000258579914731,3.2693716425e-05,0.000222705469977,0.00269005019608,1.49478519114e-07,1.93458375738e-06,0.000343827367995,5.20080186973e-05,0.000294707625818,9.23334942092e-07,0.000125778990609,3.27379138098e-05,0.000107810403515,5.75285039161e-06,1.17945433902e-07,9.6969758308e-07,8.04955506741e-08,9.95019387371e-07,4.22657428145e-06,1.8989308169e-06,0.00381264467403,0.000267419882687,0.00184248826287,0.000303764042696,8.99587668655e-07,0.000102963878374,2.73944629353e-07,3.50936083274e-06,0.00102985206739,1.8989308169e-06,1.38996660385e-07,1.98289374947e-06,1.32972574264e-08,1.39325412465e-07,1.47623575318e-06,5.53624144868e-09,5.11203447022e-07,0.000148692180054,1.19582815291e-06
rmd,30,1,15,200,5,50,1000,False,8.15818313043e-17,7.33927714117e-11,3.55128585142e-11,3.24171934418e-07,8.60483964742e-14,4.0385155478e-05,1.6783094981e-11,1.19595846205e-14,0.0138326947851,1.48244583333e-09,6.40583251936e-05,1.72709528656e-14,0.00157287182499,4.25292617134e-09,1.0924881863e-06,9.28265090292e-09,4.53507147516e-16,5.44266875626e-06,1.38928568318e-22,1.01360515665e-11,3.16477723762e-07,3.32707404105e-23,8.47557715567e-16,1.12048268034e-12,2.40207376444e-12,3.67969405206e-14,1.22539642408e-16,2.23566835564e-06,2.1423419321e-12,5.99758181249e-08,1.07920729138e-13,6.28199615065e-14,2.63807655294e-14,2.78828227485e-20,1.55502551519e-12,6.22960345761e-17,1.10081476297e-17,2.69457543366e-07,3.18920767643e-13,3.94568121889e-08,1.06177430132e-07,1.12735477597e-13,4.13515726183e-09,2.6424598495e-20,2.89299872121e-13,1.01916473264e-09,1.10081476297e-17,2.41238675092e-16,4.32247224363e-12,3.00040675801e-23,4.00032220215e-10,1.89621975918e-15,2.31869510413e-30,2.18727503454e-18,5.24471718155e-13,1.09021562177e-18,8.15818313043e-17,7.33927714117e-11,5.07604397105e-09,3.24171934418e-07,1.92873609554e-11,4.03836974418e-05,1.6783094981e-11,1.12187555361e-05,0.0138326947851,8.23012709642e-07,0.00639974789433,8.02838541983e-08,0.956711172214,5.69220579508e-05,0.00443043067312,9.28265090292e-09,9.19964342953e-09,0.00298090241356,3.28608849416e-17,3.23823826216e-10,3.16475879142e-07,3.32707404105e-23,5.289154027e-14,1.12048268034e-12,2.40198927061e-12,5.18392522723e-13,5.37438271928e-15,1.48251181597e-07,3.58242664633e-13,6.85888470464e-08,1.07920729138e-13,2.2707078461e-11,1.34345892012e-10,2.78826061222e-20,1.7127733639e-13,2.31007397701e-14,1.10081476297e-17,2.69455955991e-07,3.18911609731e-13,3.94556852426e-08,1.06173683926e-07,1.95001476439e-10,1.44086115477e-05,2.64239239314e-20,2.89296553485e-13,1.01913572035e-09,1.10081476297e-17,2.64017886568e-16,5.56483655263e-11,3.56411664257e-16,2.25783742193e-10,2.30644810725e-11,2.31869510413e-30,2.18721541189e-18,5.24457598867e-13,1.09021562177e-18
rmd,30,1,15,200,10,50,1000,False,3.25481303811e-15,9.35277467609e-12,3.48449468071e-11,1.08690056465e-08,1.71111505274e-14,5.27892070135e-05,2.59999553855e-13,8.28985713397e-12,0.000205209416683,7.122398265e-12,5.73703445699e-07,5.57436669637e-11,4.68962429201e-05,1.85505963146e-12,1.01556051552e-07,1.19500214727e-08,5.13917816582e-14,1.1646964952e-05,1.65046740187e-25,2.66693337988e-11,1.55491347324e-06,5.41332471612e-28,9.58814095555e-15,4.05722623274e-15,2.70187560093e-13,3.12908290703e-15,1.3421313226e-13,4.11773049163e-05,6.21085035868e-15,2.93481916278e-06,7.58440329513e-13,2.14110935158e-12,5.384119558e-15,2.04085895978e-21,2.2605683751e-13,3.3185215025e-14,5.92608174229e-17,2.36128821309e-07,3.2868851599e-16,1.61021170206e-10,2.69004281584e-08,9.26161979853e-14,2.29070392338e-08,4.54703681941e-26,1.72632011909e-16,1.44050053286e-10,5.92608174229e-17,7.7676512006e-16,5.16217793342e-13,8.04640827085e-27,5.35269219349e-10,6.71955127013e-13,2.6292170338e-42,8.30693263162e-27,2.53905814312e-16,5.81251315459e-19,3.25481303811e-15,9.35277467609e-12,4.47385074758e-08,1.08690056465e-08,3.84756259071e-17,5.27853266761e-05,2.59999553855e-13,2.78584336052e-06,0.000205209416683,7.26435703042e-13,4.39247579446e-05,5.94950577894e-06,0.981623593654,3.47492058033e-09,0.00274428419143,1.19500214727e-08,4.64084974841e-08,0.00398605620692,1.49755878422e-25,4.12294547795e-14,1.5548964345e-06,5.41332471612e-28,5.28262064043e-15,4.05722623274e-15,2.70167855344e-13,8.68436304855e-16,3.28314429039e-12,0.00902277939537,4.45840661431e-11,0.00193131237999,7.58440329513e-13,1.58856294657e-09,4.87551185447e-08,2.0408154536e-21,1.47174503807e-11,3.47503939242e-14,5.92608174229e-17,2.36126059543e-07,3.28670838546e-16,1.61012375632e-10,2.68984008928e-08,1.49882922707e-08,1.61237603199e-05,4.54676572321e-26,1.72628051316e-16,1.44042090864e-10,5.92608174229e-17,2.36005704821e-14,1.05851830976e-10,3.00569197395e-16,1.55237915267e-11,4.93413715535e-10,2.6292170338e-42,8.3064194002e-27,2.53889785204e-16,5.81251315459e-19
rmd,30,1,15,200,15,50,1000,False,1.76065978905e-18,3.44115705707e-17,2.24995025722e-15,8.06311829522e-12,1.58307048955e-17,7.02994150147e-09,1.82438222923e-21,1.86780517822e-14,3.00134802243e-06,1.04533843773e-12,5.35041787221e-13,2.41670275295e-15,1.84620372711e-05,5.81568233079e-13,7.84914576357e-12,1.21452199597e-12,1.61410277151e-16,1.94875879209e-07,1.23882228694e-34,1.36238427854e-14,8.93033361184e-11,1.19421492183e-37,2.10338388051e-17,2.82887804207e-15,2.6835333645e-14,1.23796122124e-18,1.32718488153e-17,1.40517748164e-07,1.33695043604e-14,5.14253772129e-10,1.75492551832e-14,7.90018352749e-15,2.13557713687e-17,1.68636721343e-27,2.58773558369e-17,1.1169032054e-17,4.32551509249e-21,1.11350433723e-09,6.52299706753e-17,1.45392758925e-14,4.48713641793e-11,4.7467117276e-15,5.18740320123e-13,2.57613885555e-34,8.69341439212e-17,1.6073945484e-15,4.32551509249e-21,4.85010901156e-19,4.05707151208e-18,1.94823797712e-37,5.02676876018e-12,3.19845572421e-18,4.04227663233e-59,9.10866688754e-40,5.56757272105e-26,4.20177021636e-24,1.76065978905e-18,3.44115705707e-17,1.13846240095e-11,8.06311829522e-12,1.6982255151e-24,7.02918036582e-09,1.82438222923e-21,2.83656523721e-08,3.00134802243e-06,6.32143774785e-19,2.97224326825e-07,1.99701095302e-10,0.992974840909,2.09140312738e-13,1.77010305454e-07,1.21452199597e-12,9.02574480903e-12,0.00599978783333,5.38797800708e-38,4.10440095652e-20,8.93017707577e-11,1.19421492183e-37,1.44021399946e-15,2.82887804207e-15,2.68324130293e-14,2.80140886878e-16,1.26345590805e-13,0.000909936457794,1.22992181989e-11,9.01113555088e-05,1.75492551832e-14,4.17038629923e-15,8.24433066475e-15,1.68632097457e-27,1.05307533423e-13,1.72115269451e-16,4.32551509249e-21,1.11348509186e-09,6.52245816622e-17,1.45380349339e-14,4.48665324553e-11,3.9992320426e-15,3.38146694781e-09,2.57592769838e-34,8.69311522212e-17,1.60725254151e-15,4.32551509249e-21,8.75161797131e-17,7.73228909028e-14,1.31070826688e-19,2.82081936951e-14,3.68494827106e-14,4.04227663233e-59,9.1078786979e-40,5.56707347287e-26,4.20177021636e-24
rmd,30,1,20,200,1,50,1000,False,4.66817253272e-08,1.897031682e-06,9.61170504694e-07,0.000570650556149,2.99889665259e-05,0.000485336927503,5.23009364402e-05,6.05765327854e-07,0.156222892931,0.0024031967658,0.0143878137421,2.05355371519e-07,0.0414720878043,0.00313638778927,0.00125959032548,0.000246451793904,1.88419834695e-07,0.000737131959174,8.01172656069e-09,1.9597110881e-06,0.000620036232817,2.46173160905e-09,2.92882341808e-08,7.97169196199e-05,1.43140268375e-05,2.53031905062e-05,1.05920518558e-08,0.000432848552304,1.8727931459e-05,0.000150337878922,1.31132609029e-06,1.84915244784e-07,1.04441508323e-07,8.83702826248e-08,4.9911728791e-07,1.08158308569e-07,3.12731089594e-08,0.000978943580415,6.20020485933e-05,0.000374489427473,1.77958984841e-05,2.42745079519e-07,0.00010708361036,6.24440995375e-08,1.75296321874e-07,0.000158433296081,3.12731089594e-08,2.27797376962e-08,6.30768143706e-07,5.04383421703e-10,2.72510400366e-07,1.32014167405e-07,9.11752447797e-11,5.92822400625e-08,2.61504682201e-05,1.96938528724e-08,4.66817253272e-08,1.897031682e-06,4.42637932549e-06,0.000570650556149,8.15209552177e-05,0.000485333782757,5.23009364402e-05,0.00275112849552,0.156222892931,0.0223174224464,0.133904536426,0.000284747541259,0.364517945643,0.0520736803013,0.0335713027534,0.000246451793904,2.6151126866e-05,0.002313162507,5.02959293188e-06,0.000105303920975,0.000620035365545,2.46173160905e-09,1.52707812647e-07,7.97169196199e-05,1.43139304939e-05,6.83283109321e-05,1.21287863085e-06,0.00201255243013,3.50070382331e-05,0.00172503458034,1.31132609029e-06,2.31241574343e-08,1.18756324719e-07,8.8370159952e-08,1.55149176152e-05,9.63417125042e-07,3.12731089594e-08,0.000978942486952,6.20016154754e-05,0.000374486888031,1.77960279878e-05,6.48863565064e-08,0.000191032596173,6.2443702549e-08,1.75295943459e-07,0.000158432177354,3.12731089594e-08,2.48008620616e-09,4.74122459157e-07,8.19416531926e-11,5.36384997298e-09,1.82449123398e-08,9.11752447797e-11,5.92818659664e-08,2.61502844014e-05,1.96938528724e-08
rmd,30,1,20,200,5,50,1000,False,1.09201130038e-17,5.52669014369e-14,3.05092973621e-14,2.02182902379e-10,7.53960571414e-15,1.26288274163e-08,1.22955105331e-14,1.5448460584e-12,0.0138473331508,4.34981790756e-07,3.15425364983e-07,1.8356882688e-14,0.000101125502454,1.02611208246e-07,6.0040312692e-09,3.71125270112e-12,3.9657759574e-14,1.11642599399e-06,7.507155573e-22,1.27095711714e-13,6.53322911538e-10,4.45344556742e-24,2.8874329655e-14,1.48546261872e-12,8.03421664717e-10,3.22416726377e-15,1.45062559021e-16,2.38022571191e-05,1.04835249049e-12,3.13825521304e-06,3.4045935947e-13,2.03723301779e-11,3.37798687125e-15,3.37478805843e-17,7.31183684018e-13,3.36623366098e-16,1.47349249406e-18,2.86349212928e-09,4.22804285134e-13,2.46088324126e-11,5.22538992964e-10,8.46505858062e-14,5.11997316752e-11,8.33621302388e-20,3.36969649796e-15,4.0746742568e-13,1.47349249406e-18,8.21844330154e-15,3.7134603222e-15,3.5518847115e-23,4.90534511809e-13,2.01544662537e-15,3.10368278742e-31,1.64708201399e-21,3.8423470416e-16,1.45930504353e-19,1.09201130038e-17,5.52669014369e-14,3.8223693855e-12,2.02182902379e-10,1.20292750096e-14,1.26282347788e-08,1.22955105331e-14,1.29628291727e-06,0.0138473331508,8.23877611335e-07,0.0064064715427,5.88165022435e-11,0.957715986416,5.69814238313e-05,2.1815349971e-05,3.71125270112e-12,1.02335862612e-10,0.00499460451763,1.31378568027e-20,6.64236635068e-11,6.53317467514e-10,4.45344556742e-24,1.03908094965e-12,1.48546261872e-12,8.03383040756e-10,6.87244402663e-13,1.78928466191e-11,0.00203251372495,4.29805359513e-09,0.000940343562271,3.4045935947e-13,1.85265867687e-13,4.43970009767e-13,3.37475480262e-17,8.03031748457e-11,7.28754651517e-14,1.47349249406e-18,2.86346976283e-09,4.22788155933e-13,2.46079953382e-11,5.22514547863e-10,2.8643510118e-13,4.41542204108e-06,8.33590511299e-20,3.36964495847e-15,4.07452787117e-13,1.47349249406e-18,7.18324127297e-15,2.60088007477e-14,1.14770762707e-18,3.08196698033e-15,3.48130655087e-14,3.10368278742e-31,1.64701985987e-21,3.84221234125e-16,1.45930504353e-19
rmd,30,1,20,200,10,50,1000,False,1.54127445828e-14,1.09781472584e-15,8.84604929955e-13,8.39356757577e-11,1.90992156281e-12,3.22729719213e-07,2.60387734695e-18,1.50941683197e-11,0.00019758376006,6.59463611446e-09,2.13010236607e-09,2.18000033255e-13,0.0134139664943,6.26338440333e-10,2.97096779667e-10,4.99520823393e-11,1.05852506337e-10,0.00010752058934,4.63106216527e-24,2.62017913026e-12,6.63852009763e-10,2.56340964032e-27,3.88005007003e-13,1.38100297905e-13,2.01151300014e-11,3.49263651581e-13,1.40746756217e-13,4.5524319755e-07,2.3377359373e-13,1.81456194661e-10,6.85352316857e-11,2.52573512929e-10,4.30169718184e-11,4.45453295055e-19,1.63076031236e-11,9.3114710157e-13,2.80621907315e-16,3.13307646749e-08,1.11879346559e-14,1.24348272254e-12,0.000500091763623,7.49478548868e-11,7.58750766132e-09,4.10885615882e-24,3.2287454385e-11,6.0214118771e-13,2.80621907315e-16,3.14334923992e-14,1.3105165792e-14,8.43811514009e-27,6.11177660317e-11,2.6278543916e-15,1.2450315923e-41,9.75055348316e-31,2.54284897163e-21,2.75244014286e-18,1.54127445828e-14,1.09781472584e-15,5.25129060301e-12,8.39356757577e-11,2.97121252815e-19,3.22700209467e-07,2.60387734695e-18,5.50556909845e-10,0.00019758376006,6.99429631793e-13,4.22918502337e-05,5.95831095213e-11,0.945132672096,3.34568891974e-09,1.01890155053e-05,4.99520823393e-11,3.22510456597e-12,0.00586455784069,6.25978826574e-28,3.80606755575e-13,6.63841407245e-10,2.56340964032e-27,4.99464357074e-14,1.38100297905e-13,2.01131542746e-11,2.95594890739e-14,7.49611957128e-12,0.0280098276374,9.81152524348e-11,0.0059953694388,6.85352316857e-11,6.00456024851e-08,1.28527465855e-09,4.4544328773e-19,2.63678687686e-11,3.14010473339e-12,2.80621907315e-16,3.13302657833e-08,1.11871671032e-14,1.24338974711e-12,0.000500042587376,3.54171801709e-10,2.705420177e-05,4.10853488459e-24,3.22864667197e-11,6.02095223017e-13,2.80621907315e-16,9.3159876401e-14,9.8723664665e-14,9.63787715233e-21,9.85230491907e-12,5.21889498986e-14,1.2450315923e-41,9.74986082506e-31,2.54265538017e-21,2.75244014286e-18
rmd,30,1,20,200,15,50,1000,False,3.62115781147e-17,8.58632808141e-18,5.75138402396e-13,4.95151689807e-11,3.46160982048e-13,5.43367079893e-08,2.71722842885e-25,2.82593573529e-12,2.92888422371e-06,1.75604532021e-12,4.2469238699e-11,4.43820652107e-14,5.0450167829e-07,1.59844048619e-13,2.5664721796e-08,1.52882119991e-13,1.47015070769e-11,9.03851887061e-06,4.34940195239e-32,1.56751873359e-12,1.20893806907e-09,2.45614781438e-36,7.40218511008e-14,1.82841964299e-13,7.86851939784e-11,2.70697909482e-14,2.39520845484e-16,2.70642535152e-07,2.70732652324e-13,8.41175638144e-10,2.22700214904e-11,5.24162678697e-10,3.73158997176e-11,1.07203707774e-19,1.22594988661e-11,3.92135420344e-15,8.89630856749e-20,5.38132587303e-09,4.21607994127e-15,8.92848990074e-14,0.00149989513463,6.18395129517e-12,7.28993736723e-11,3.26912265372e-31,3.74722006134e-11,2.02336299413e-16,8.89630856749e-20,1.70684034619e-15,1.03707965115e-15,3.51604071128e-36,3.23302388261e-13,5.87387382879e-17,8.31377060706e-58,2.27278211903e-40,8.2923230861e-30,8.64180186063e-23,3.62115781147e-17,8.58632808141e-18,2.84061298128e-12,4.95151689807e-11,1.04283948343e-23,5.43290092225e-08,2.71722842885e-25,9.93124440094e-10,2.92888422371e-06,6.16866875729e-19,2.90042147942e-07,2.97431666173e-14,0.96897913954,2.04081516584e-13,1.40499281513e-05,1.52882119991e-13,3.11268578098e-11,0.00299136852108,6.78226964031e-39,1.90359758372e-18,1.20890841937e-09,2.45614781438e-36,3.6575542902e-13,1.82841964299e-13,7.86740349415e-11,1.81064875737e-14,7.08182231359e-11,0.0227470980283,2.37530948012e-08,0.00225259813157,2.22700214904e-11,9.59236668681e-09,8.08224102841e-10,1.07199726041e-19,7.94114434793e-12,2.18408998133e-13,8.89630856749e-20,5.3812004312e-09,4.21569336248e-15,8.92745792933e-14,0.00149967682267,4.07395269409e-10,2.73052410084e-08,3.26877324515e-31,3.74704812285e-11,2.02317457537e-16,8.89630856749e-20,1.0371829888e-13,1.14175243411e-13,1.1573039496e-27,4.33750269068e-27,1.10937866844e-13,8.31377060706e-58,2.27253517021e-40,8.29151155251e-30,8.64180186063e-23
